faculty_code,faculty_name,scheduled_entries
CS-AJS,Ajay Sharma,19
MS-AR,Archana Kumari,0
CS-BK,Bhuvnesh Kumar,22
CS-CS,Chaitali Sood,3
CS-GKG,Gagandeep Kaur Gill,16
CS-GV,Gaurav,18
CS-GS,Gaurav Sharma,13
CS-GK,Goutam Kumar,20
CS-JS,Jaspreet Singh,19
AS-JK,Jatinder Kaur,4
CS-KS,Khushi Sood,4
MS-NK,Namrita Kalia,3
CS-PK,Parambir Kaur,16
IQAC-PK,Pardeep Kaur,3
CS-PS,Pavitar Singh,12
CS-RPS,Ramanpreet Singh,19
AS-RT,Retneer Sharma,0
CS-HOD,Sandeep Kad,3
CS-SJK,Sanjeev Kumar,28
CS-SA,Shagun Arora,19
CS-SK,Shagun Arora,0
AS-SK,Shama Kundra,12
CS-SJ,Shweta Joshi,18
CS-TJS,Tejinder Sharma,23
CS-VD,Veenum Devi,18
