class_section,program,semester,default_room,room_days,source_page
3rd Semester CS-1,B.Tech CSE,3rd,ME-218,Monday-Friday,1
3rd Semester CS-2,B.Tech CSE,3rd,ME-217,Monday-Friday,2
3rd Semester CoE,B.Tech CoE,3rd,ME-219,Monday-Friday,3
5th Semester CS-1,B.Tech CSE,5th,MB301,Monday-Thursday,4
5th Semester CS-2,B.Tech CSE,5th,MB302,Tuesday-Friday,5
5th Semester CS-3,B.Tech CSE,5th,MB-303,Monday-Thursday,6
5th Semester CoE,B.Tech CoE,5th,e-Classroom,Monday-Thursday,7
7th Semester CS-3,B.Tech CSE,7th,MB302 / MB304,Wednesday-Friday,8
7th Semester CoE,B.Tech CoE,7th,MB304,Monday-Wednesday,9
M.Tech CSE 1st Semester,M.Tech CSE,M.Tech 1st,,Not specified,10
M.Tech CSE 3rd Semester,M.Tech CSE,M.Tech 3rd,,Not specified,11
