record_id,class_section,day,period,time,room,original_subject,original_subject_code,original_faculty,group,status_if_faculty_on_leave,schednexa_action
SCH-0001,3rd Semester CS-1,Monday,2,9:50 AM - 10:40 AM,ME-218,Object Oriented Programming using C++ Lab,AGCS–25306,Ajay Sharma ; Gaurav,G1 + G2,Open Academic Slot,Notify eligible faculty -> allow own-subject extra lecture after conflict check
SCH-0002,3rd Semester CS-1,Tuesday,2,9:50 AM - 10:40 AM,ME-218,Probability and Statistics,AGCS–25301,Shama Kundra,,Open Academic Slot,Notify eligible faculty -> allow own-subject extra lecture after conflict check
SCH-0003,3rd Semester CS-1,Wednesday,2,9:50 AM - 10:40 AM,ME-218,Object Oriented Programming using C++,AGCS–25302,Ajay Sharma,,Open Academic Slot,Notify eligible faculty -> allow own-subject extra lecture after conflict check
SCH-0004,3rd Semester CS-1,Thursday,2,9:50 AM - 10:40 AM,ME-218,Data Structures Lab,AGCS–25307,Gaurav ; Goutam Kumar,G1 + G2,Open Academic Slot,Notify eligible faculty -> allow own-subject extra lecture after conflict check
SCH-0005,3rd Semester CS-1,Friday,2,9:50 AM - 10:40 AM,ME-218,AI Tools and Applications Lab,AGCS–25308,Goutam Kumar ; Parambir Kaur,G1 + G2,Open Academic Slot,Notify eligible faculty -> allow own-subject extra lecture after conflict check
SCH-0006,3rd Semester CS-1,Monday,3,10:40 AM - 11:30 AM,ME-218,Object Oriented Programming using C++ Lab,AGCS–25306,Ajay Sharma ; Gaurav,G1 + G2,Open Academic Slot,Notify eligible faculty -> allow own-subject extra lecture after conflict check
SCH-0007,3rd Semester CS-1,Tuesday,3,10:40 AM - 11:30 AM,ME-218,Indian Constitution,AGMC-25001,Pardeep Kaur,,Open Academic Slot,Notify eligible faculty -> allow own-subject extra lecture after conflict check
SCH-0008,3rd Semester CS-1,Wednesday,3,10:40 AM - 11:30 AM,ME-218,Entrepreneurship Mindset Curriculum,,,,Open Academic Slot,Notify eligible faculty -> allow own-subject extra lecture after conflict check
SCH-0009,3rd Semester CS-1,Thursday,3,10:40 AM - 11:30 AM,ME-218,Data Structures Lab,AGCS–25307,Gaurav ; Goutam Kumar,G1 + G2,Open Academic Slot,Notify eligible faculty -> allow own-subject extra lecture after conflict check
SCH-0010,3rd Semester CS-1,Friday,3,10:40 AM - 11:30 AM,ME-218,AI Tools and Applications Lab,AGCS–25308,Goutam Kumar ; Parambir Kaur,G1 + G2,Open Academic Slot,Notify eligible faculty -> allow own-subject extra lecture after conflict check
SCH-0011,3rd Semester CS-1,Monday,4,11:30 AM - 12:20 PM,ME-218,Computer Organization and Architecture (NPTEL),AGCS–25304,Ajay Sharma,,Open Academic Slot,Notify eligible faculty -> allow own-subject extra lecture after conflict check
SCH-0012,3rd Semester CS-1,Tuesday,4,11:30 AM - 12:20 PM,ME-218,Entrepreneurship Mindset Curriculum,,,,Open Academic Slot,Notify eligible faculty -> allow own-subject extra lecture after conflict check
SCH-0013,3rd Semester CS-1,Wednesday,4,11:30 AM - 12:20 PM,ME-218,Emerging Trends in Computer Science,AGCS–25305,Parambir Kaur,,Open Academic Slot,Notify eligible faculty -> allow own-subject extra lecture after conflict check
SCH-0014,3rd Semester CS-1,Thursday,4,11:30 AM - 12:20 PM,ME-218,Probability and Statistics,AGCS–25301,Shama Kundra,,Open Academic Slot,Notify eligible faculty -> allow own-subject extra lecture after conflict check
SCH-0015,3rd Semester CS-1,Friday,4,11:30 AM - 12:20 PM,ME-218,Data Structures,AGCS–25303,Gaurav,,Open Academic Slot,Notify eligible faculty -> allow own-subject extra lecture after conflict check
SCH-0016,3rd Semester CS-1,Monday,5,12:20 PM - 1:10 PM,ME-218,Object Oriented Programming using C++,AGCS–25302,Ajay Sharma,,Open Academic Slot,Notify eligible faculty -> allow own-subject extra lecture after conflict check
SCH-0017,3rd Semester CS-1,Tuesday,5,12:20 PM - 1:10 PM,ME-218,Emerging Trends in Computer Science,AGCS–25305,Parambir Kaur,,Open Academic Slot,Notify eligible faculty -> allow own-subject extra lecture after conflict check
SCH-0018,3rd Semester CS-1,Wednesday,5,12:20 PM - 1:10 PM,ME-218,Probability and Statistics,AGCS–25301,Shama Kundra,,Open Academic Slot,Notify eligible faculty -> allow own-subject extra lecture after conflict check
SCH-0019,3rd Semester CS-1,Thursday,5,12:20 PM - 1:10 PM,ME-218,Data Structures,AGCS–25303,Gaurav,G1 + G2,Open Academic Slot,Notify eligible faculty -> allow own-subject extra lecture after conflict check
SCH-0020,3rd Semester CS-1,Friday,5,12:20 PM - 1:10 PM,ME-218,Object Oriented Programming using C++,AGCS–25302,Ajay Sharma,,Open Academic Slot,Notify eligible faculty -> allow own-subject extra lecture after conflict check
SCH-0021,3rd Semester CS-1,Monday,7,2:00 PM - 2:50 PM,ME-218,Probability and Statistics,AGCS–25301,Shama Kundra,G1 + G2,Open Academic Slot,Notify eligible faculty -> allow own-subject extra lecture after conflict check
SCH-0022,3rd Semester CS-1,Tuesday,7,2:00 PM - 2:50 PM,ME-218,Data Structures,AGCS–25303,Gaurav,,Open Academic Slot,Notify eligible faculty -> allow own-subject extra lecture after conflict check
SCH-0023,3rd Semester CS-1,Wednesday,7,2:00 PM - 2:50 PM,ME-218,Problem Solving using Python Lab,AGCS–25309,Parambir Kaur ; Ajay Sharma,G1 + G2,Open Academic Slot,Notify eligible faculty -> allow own-subject extra lecture after conflict check
SCH-0024,3rd Semester CS-1,Thursday,7,2:00 PM - 2:50 PM,ME-218,Data Structures,AGCS–25303,Gaurav,,Open Academic Slot,Notify eligible faculty -> allow own-subject extra lecture after conflict check
SCH-0025,3rd Semester CS-1,Friday,7,2:00 PM - 2:50 PM,ME-218,Emerging Trends in Computer Science,AGCS–25305,Parambir Kaur,,Open Academic Slot,Notify eligible faculty -> allow own-subject extra lecture after conflict check
SCH-0026,3rd Semester CS-1,Tuesday,8,2:50 PM - 3:40 PM,ME-218,Computer Organization and Architecture (NPTEL),AGCS–25304,Ajay Sharma,,Open Academic Slot,Notify eligible faculty -> allow own-subject extra lecture after conflict check
SCH-0027,3rd Semester CS-1,Wednesday,8,2:50 PM - 3:40 PM,ME-218,Problem Solving using Python Lab,AGCS–25309,Parambir Kaur ; Ajay Sharma,G1 + G2,Open Academic Slot,Notify eligible faculty -> allow own-subject extra lecture after conflict check
SCH-0028,3rd Semester CS-1,Thursday,8,2:50 PM - 3:40 PM,ME-218,Computer Organization and Architecture (NPTEL),AGCS–25304,Ajay Sharma,,Open Academic Slot,Notify eligible faculty -> allow own-subject extra lecture after conflict check
SCH-0029,3rd Semester CS-2,Monday,2,9:50 AM - 10:40 AM,ME-217,Data Structures,AGCS–25303,Veenum Devi,,Open Academic Slot,Notify eligible faculty -> allow own-subject extra lecture after conflict check
SCH-0030,3rd Semester CS-2,Tuesday,2,9:50 AM - 10:40 AM,ME-217,Object Oriented Programming using C++ Lab,AGCS–25306,Parambir Kaur ; Veenum Devi,G1 + G2,Open Academic Slot,Notify eligible faculty -> allow own-subject extra lecture after conflict check
SCH-0031,3rd Semester CS-2,Wednesday,2,9:50 AM - 10:40 AM,ME-217,Object Oriented Programming using C++,AGCS–25302,Parambir Kaur,,Open Academic Slot,Notify eligible faculty -> allow own-subject extra lecture after conflict check
SCH-0032,3rd Semester CS-2,Thursday,2,9:50 AM - 10:40 AM,ME-217,Probability and Statistics,AGCS–25301,Shama Kundra,,Open Academic Slot,Notify eligible faculty -> allow own-subject extra lecture after conflict check
SCH-0033,3rd Semester CS-2,Friday,2,9:50 AM - 10:40 AM,ME-217,Data Structures,AGCS–25303,Veenum Devi,,Open Academic Slot,Notify eligible faculty -> allow own-subject extra lecture after conflict check
SCH-0034,3rd Semester CS-2,Monday,3,10:40 AM - 11:30 AM,ME-217,Entrepreneurship Mindset Curriculum,,,,Open Academic Slot,Notify eligible faculty -> allow own-subject extra lecture after conflict check
SCH-0035,3rd Semester CS-2,Tuesday,3,10:40 AM - 11:30 AM,ME-217,Object Oriented Programming using C++ Lab,AGCS–25306,Parambir Kaur ; Veenum Devi,G1 + G2,Open Academic Slot,Notify eligible faculty -> allow own-subject extra lecture after conflict check
SCH-0036,3rd Semester CS-2,Wednesday,3,10:40 AM - 11:30 AM,ME-217,Probability and Statistics,AGCS–25301,Shama Kundra,,Open Academic Slot,Notify eligible faculty -> allow own-subject extra lecture after conflict check
SCH-0037,3rd Semester CS-2,Thursday,3,10:40 AM - 11:30 AM,ME-217,Object Oriented Programming using C++,AGCS–25302,Parambir Kaur,,Open Academic Slot,Notify eligible faculty -> allow own-subject extra lecture after conflict check
SCH-0038,3rd Semester CS-2,Friday,3,10:40 AM - 11:30 AM,ME-217,Probability and Statistics,AGCS–25301,Shama Kundra,,Open Academic Slot,Notify eligible faculty -> allow own-subject extra lecture after conflict check
SCH-0039,3rd Semester CS-2,Monday,4,11:30 AM - 12:20 PM,ME-217,Data Structures Lab,AGCS–25307,Veenum Devi ; Parambir Kaur,G1 + G2,Open Academic Slot,Notify eligible faculty -> allow own-subject extra lecture after conflict check
SCH-0040,3rd Semester CS-2,Tuesday,4,11:30 AM - 12:20 PM,ME-217,Entrepreneurship Mindset Curriculum,,,,Open Academic Slot,Notify eligible faculty -> allow own-subject extra lecture after conflict check
SCH-0041,3rd Semester CS-2,Wednesday,4,11:30 AM - 12:20 PM,ME-217,Indian Constitution,AGMC-25001,Pardeep Kaur,,Open Academic Slot,Notify eligible faculty -> allow own-subject extra lecture after conflict check
SCH-0042,3rd Semester CS-2,Thursday,4,11:30 AM - 12:20 PM,ME-217,AI Tools and Applications Lab,AGCS–25308,Ajay Sharma ; Jaspreet Singh,G1 + G2,Open Academic Slot,Notify eligible faculty -> allow own-subject extra lecture after conflict check
SCH-0043,3rd Semester CS-2,Friday,4,11:30 AM - 12:20 PM,ME-217,Problem Solving using Python Lab,AGCS–25309,Khushi Sood ; Parambir Kaur,G1 + G2,Open Academic Slot,Notify eligible faculty -> allow own-subject extra lecture after conflict check
SCH-0044,3rd Semester CS-2,Monday,5,12:20 PM - 1:10 PM,ME-217,Data Structures Lab,AGCS–25307,Veenum Devi ; Parambir Kaur,G1 + G2,Open Academic Slot,Notify eligible faculty -> allow own-subject extra lecture after conflict check
SCH-0045,3rd Semester CS-2,Tuesday,5,12:20 PM - 1:10 PM,ME-217,Emerging Trends in Computer Science,AGCS–25305,Bhuvnesh Kumar,,Open Academic Slot,Notify eligible faculty -> allow own-subject extra lecture after conflict check
SCH-0046,3rd Semester CS-2,Wednesday,5,12:20 PM - 1:10 PM,ME-217,Emerging Trends in Computer Science,AGCS–25305,Bhuvnesh Kumar,,Open Academic Slot,Notify eligible faculty -> allow own-subject extra lecture after conflict check
SCH-0047,3rd Semester CS-2,Thursday,5,12:20 PM - 1:10 PM,ME-217,AI Tools and Applications Lab,AGCS–25308,Ajay Sharma ; Jaspreet Singh,G1 + G2,Open Academic Slot,Notify eligible faculty -> allow own-subject extra lecture after conflict check
SCH-0048,3rd Semester CS-2,Friday,5,12:20 PM - 1:10 PM,ME-217,Problem Solving using Python Lab,AGCS–25309,Khushi Sood ; Parambir Kaur,G1 + G2,Open Academic Slot,Notify eligible faculty -> allow own-subject extra lecture after conflict check
SCH-0049,3rd Semester CS-2,Monday,7,2:00 PM - 2:50 PM,ME-217,Object Oriented Programming using C++,AGCS–25302,Parambir Kaur,,Open Academic Slot,Notify eligible faculty -> allow own-subject extra lecture after conflict check
SCH-0050,3rd Semester CS-2,Tuesday,7,2:00 PM - 2:50 PM,ME-217,Data Structures,AGCS–25303,Veenum Devi,,Open Academic Slot,Notify eligible faculty -> allow own-subject extra lecture after conflict check
SCH-0051,3rd Semester CS-2,Wednesday,7,2:00 PM - 2:50 PM,ME-217,Computer Organization and Architecture (NPTEL),AGCS–25304,Shagun Arora,,Open Academic Slot,Notify eligible faculty -> allow own-subject extra lecture after conflict check
SCH-0052,3rd Semester CS-2,Thursday,7,2:00 PM - 2:50 PM,ME-217,Data Structures,AGCS–25303,Veenum Devi,G1 + G2,Open Academic Slot,Notify eligible faculty -> allow own-subject extra lecture after conflict check
SCH-0053,3rd Semester CS-2,Friday,7,2:00 PM - 2:50 PM,ME-217,Probability and Statistics,AGCS–25301,Shama Kundra,G1 + G2,Open Academic Slot,Notify eligible faculty -> allow own-subject extra lecture after conflict check
SCH-0054,3rd Semester CS-2,Tuesday,8,2:50 PM - 3:40 PM,ME-217,Computer Organization and Architecture (NPTEL),AGCS–25304,Shagun Arora,,Open Academic Slot,Notify eligible faculty -> allow own-subject extra lecture after conflict check
SCH-0055,3rd Semester CS-2,Thursday,8,2:50 PM - 3:40 PM,ME-217,Computer Organization and Architecture (NPTEL),AGCS–25304,Shagun Arora,,Open Academic Slot,Notify eligible faculty -> allow own-subject extra lecture after conflict check
SCH-0056,3rd Semester CS-2,Friday,8,2:50 PM - 3:40 PM,ME-217,Emerging Trends in Computer Science,AGCS–25305,Bhuvnesh Kumar,,Open Academic Slot,Notify eligible faculty -> allow own-subject extra lecture after conflict check
SCH-0057,3rd Semester CoE,Monday,2,9:50 AM - 10:40 AM,ME-219,Entrepreneurship Mindset Curriculum,,,,Open Academic Slot,Notify eligible faculty -> allow own-subject extra lecture after conflict check
SCH-0058,3rd Semester CoE,Tuesday,2,9:50 AM - 10:40 AM,ME-219,Object Oriented Programming using C++ Lab,AGCS–25306,Shagun Arora,,Open Academic Slot,Notify eligible faculty -> allow own-subject extra lecture after conflict check
SCH-0059,3rd Semester CoE,Wednesday,2,9:50 AM - 10:40 AM,ME-219,Indian Constitution,AGMC-25001,Pardeep Kaur,,Open Academic Slot,Notify eligible faculty -> allow own-subject extra lecture after conflict check
SCH-0060,3rd Semester CoE,Thursday,2,9:50 AM - 10:40 AM,ME-219,Probability and Statistics,AGCS–25301,,G1 + G2,Open Academic Slot,Notify eligible faculty -> allow own-subject extra lecture after conflict check
SCH-0061,3rd Semester CoE,Friday,2,9:50 AM - 10:40 AM,ME-219,Emerging Trends in Computer Science,AGCS–25305,Ramanpreet Singh,,Open Academic Slot,Notify eligible faculty -> allow own-subject extra lecture after conflict check
SCH-0062,3rd Semester CoE,Monday,3,10:40 AM - 11:30 AM,ME-219,Probability and Statistics,AGCS–25301,,,Open Academic Slot,Notify eligible faculty -> allow own-subject extra lecture after conflict check
SCH-0063,3rd Semester CoE,Tuesday,3,10:40 AM - 11:30 AM,ME-219,Probability and Statistics,AGCS–25301,,,Open Academic Slot,Notify eligible faculty -> allow own-subject extra lecture after conflict check
SCH-0064,3rd Semester CoE,Wednesday,3,10:40 AM - 11:30 AM,ME-219,Emerging Trends in Computer Science,AGCS–25305,Ramanpreet Singh,,Open Academic Slot,Notify eligible faculty -> allow own-subject extra lecture after conflict check
SCH-0065,3rd Semester CoE,Thursday,3,10:40 AM - 11:30 AM,ME-219,Object Oriented Programming using C++ Lab,AGCS–25306,Shagun Arora,,Open Academic Slot,Notify eligible faculty -> allow own-subject extra lecture after conflict check
SCH-0066,3rd Semester CoE,Friday,3,10:40 AM - 11:30 AM,ME-219,Data Structures,AGCS–25303,Gagandeep Kaur Gill,,Open Academic Slot,Notify eligible faculty -> allow own-subject extra lecture after conflict check
SCH-0067,3rd Semester CoE,Monday,4,11:30 AM - 12:20 PM,ME-219,Data Structures,AGCS–25303,Gagandeep Kaur Gill,,Open Academic Slot,Notify eligible faculty -> allow own-subject extra lecture after conflict check
SCH-0068,3rd Semester CoE,Tuesday,4,11:30 AM - 12:20 PM,ME-219,Object Oriented Programming using C++ Lab,AGCS–25306,Gaurav Sharma ; Gaurav Sharma,G1 + G2,Open Academic Slot,Notify eligible faculty -> allow own-subject extra lecture after conflict check
SCH-0069,3rd Semester CoE,Wednesday,4,11:30 AM - 12:20 PM,ME-219,Data Structures Lab,AGCS–25307,Gagandeep Kaur Gill ; Khushi Sood,G1 + G2,Open Academic Slot,Notify eligible faculty -> allow own-subject extra lecture after conflict check
SCH-0070,3rd Semester CoE,Thursday,4,11:30 AM - 12:20 PM,ME-219,Probability and Statistics,AGCS–25301,,,Open Academic Slot,Notify eligible faculty -> allow own-subject extra lecture after conflict check
SCH-0071,3rd Semester CoE,Friday,4,11:30 AM - 12:20 PM,ME-219,Object Oriented Programming using C++ Lab,AGCS–25306,Shagun Arora,,Open Academic Slot,Notify eligible faculty -> allow own-subject extra lecture after conflict check
SCH-0072,3rd Semester CoE,Monday,5,12:20 PM - 1:10 PM,ME-219,Emerging Trends in Computer Science,AGCS–25305,Ramanpreet Singh,,Open Academic Slot,Notify eligible faculty -> allow own-subject extra lecture after conflict check
SCH-0073,3rd Semester CoE,Tuesday,5,12:20 PM - 1:10 PM,ME-219,Object Oriented Programming using C++ Lab,AGCS–25306,Gaurav Sharma ; Gaurav Sharma,G1 + G2,Open Academic Slot,Notify eligible faculty -> allow own-subject extra lecture after conflict check
SCH-0074,3rd Semester CoE,Wednesday,5,12:20 PM - 1:10 PM,ME-219,Data Structures Lab,AGCS–25307,Gagandeep Kaur Gill ; Khushi Sood,G1 + G2,Open Academic Slot,Notify eligible faculty -> allow own-subject extra lecture after conflict check
SCH-0075,3rd Semester CoE,Thursday,5,12:20 PM - 1:10 PM,ME-219,Entrepreneurship Mindset Curriculum,,,,Open Academic Slot,Notify eligible faculty -> allow own-subject extra lecture after conflict check
SCH-0076,3rd Semester CoE,Friday,5,12:20 PM - 1:10 PM,ME-219,Computer Organization and Architecture (NPTEL),AGCS–25304,Gagandeep Kaur Gill,,Open Academic Slot,Notify eligible faculty -> allow own-subject extra lecture after conflict check
SCH-0077,3rd Semester CoE,Monday,7,2:00 PM - 2:50 PM,ME-219,AI Tools and Applications Lab,AGCS–25308,Shweta Joshi ; Goutam Kumar,G1 + G2,Open Academic Slot,Notify eligible faculty -> allow own-subject extra lecture after conflict check
SCH-0078,3rd Semester CoE,Tuesday,7,2:00 PM - 2:50 PM,ME-219,Data Structures,AGCS–25303,Gagandeep Kaur Gill,G1 + G2,Open Academic Slot,Notify eligible faculty -> allow own-subject extra lecture after conflict check
SCH-0079,3rd Semester CoE,Wednesday,7,2:00 PM - 2:50 PM,ME-219,Data Structures,AGCS–25303,Gagandeep Kaur Gill,,Open Academic Slot,Notify eligible faculty -> allow own-subject extra lecture after conflict check
SCH-0080,3rd Semester CoE,Thursday,7,2:00 PM - 2:50 PM,ME-219,Problem Solving using Python Lab,AGCS–25309,Gaurav Sharma ; Shagun Arora,G1 + G2,Open Academic Slot,Notify eligible faculty -> allow own-subject extra lecture after conflict check
SCH-0081,3rd Semester CoE,Monday,8,2:50 PM - 3:40 PM,ME-219,AI Tools and Applications Lab,AGCS–25308,Shweta Joshi ; Goutam Kumar,G1 + G2,Open Academic Slot,Notify eligible faculty -> allow own-subject extra lecture after conflict check
SCH-0082,3rd Semester CoE,Tuesday,8,2:50 PM - 3:40 PM,ME-219,Computer Organization and Architecture (NPTEL),AGCS–25304,Gagandeep Kaur Gill,,Open Academic Slot,Notify eligible faculty -> allow own-subject extra lecture after conflict check
SCH-0083,3rd Semester CoE,Wednesday,8,2:50 PM - 3:40 PM,ME-219,Computer Organization and Architecture (NPTEL),AGCS–25304,Gagandeep Kaur Gill,,Open Academic Slot,Notify eligible faculty -> allow own-subject extra lecture after conflict check
SCH-0084,3rd Semester CoE,Thursday,8,2:50 PM - 3:40 PM,ME-219,Problem Solving using Python Lab,AGCS–25309,Gaurav Sharma ; Shagun Arora,G1 + G2,Open Academic Slot,Notify eligible faculty -> allow own-subject extra lecture after conflict check
SCH-0085,5th Semester CS-1,Wednesday,1,9:00 AM - 9:50 AM,MB301,Professional Elective Course-1 (PEC-1) TOC (NPTEL),AGCS - 21504A,Gaurav,,Open Academic Slot,Notify eligible faculty -> allow own-subject extra lecture after conflict check
SCH-0086,5th Semester CS-1,Monday,2,9:50 AM - 10:40 AM,PL-2 Lab,Software Engineering Lab,AGCS - 21507,Sanjeev Kumar,G1,Open Academic Slot,Notify eligible faculty -> allow own-subject extra lecture after conflict check
SCH-0087,5th Semester CS-1,Monday,2,9:50 AM - 10:40 AM,BDA Lab,Design and Analysis of Algorithms Lab,AGCS - 21506,Ramanpreet Singh,G2,Open Academic Slot,Notify eligible faculty -> allow own-subject extra lecture after conflict check
SCH-0088,5th Semester CS-1,Tuesday,2,9:50 AM - 10:40 AM,BDA Lab,Programming in Java Lab,AGCS - 21508,Gaurav,G1,Open Academic Slot,Notify eligible faculty -> allow own-subject extra lecture after conflict check
SCH-0089,5th Semester CS-1,Tuesday,2,9:50 AM - 10:40 AM,PL-2 Lab,Software Engineering Lab,AGCS - 21507,Sanjeev Kumar,G2,Open Academic Slot,Notify eligible faculty -> allow own-subject extra lecture after conflict check
SCH-0090,5th Semester CS-1,Wednesday,2,9:50 AM - 10:40 AM,MB301,Artificial Intelligence,AGCS - 21505,Veenum Devi,,Open Academic Slot,Notify eligible faculty -> allow own-subject extra lecture after conflict check
SCH-0091,5th Semester CS-1,Thursday,2,9:50 AM - 10:40 AM,MB301,Artificial Intelligence,AGCS - 21505,Veenum Devi,,Open Academic Slot,Notify eligible faculty -> allow own-subject extra lecture after conflict check
SCH-0092,5th Semester CS-1,Monday,3,10:40 AM - 11:30 AM,PL-2 Lab,Software Engineering Lab,AGCS - 21507,Sanjeev Kumar,G1,Open Academic Slot,Notify eligible faculty -> allow own-subject extra lecture after conflict check
SCH-0093,5th Semester CS-1,Monday,3,10:40 AM - 11:30 AM,BDA Lab,Design and Analysis of Algorithms Lab,AGCS - 21506,Ramanpreet Singh,G2,Open Academic Slot,Notify eligible faculty -> allow own-subject extra lecture after conflict check
SCH-0094,5th Semester CS-1,Tuesday,3,10:40 AM - 11:30 AM,BDA Lab,Programming in Java Lab,AGCS - 21508,Gaurav,G1,Open Academic Slot,Notify eligible faculty -> allow own-subject extra lecture after conflict check
SCH-0095,5th Semester CS-1,Tuesday,3,10:40 AM - 11:30 AM,PL-2 Lab,Software Engineering Lab,AGCS - 21507,Sanjeev Kumar,G2,Open Academic Slot,Notify eligible faculty -> allow own-subject extra lecture after conflict check
SCH-0096,5th Semester CS-1,Wednesday,3,10:40 AM - 11:30 AM,MB301,Programming in Java,AGCS - 21503,Gaurav,,Open Academic Slot,Notify eligible faculty -> allow own-subject extra lecture after conflict check
SCH-0097,5th Semester CS-1,Thursday,3,10:40 AM - 11:30 AM,MB301,Design and Analysis of Algorithms,AGCS - 21501,Ramanpreet Singh,,Open Academic Slot,Notify eligible faculty -> allow own-subject extra lecture after conflict check
SCH-0098,5th Semester CS-1,Monday,4,11:30 AM - 12:20 PM,MB301,Software Engineering (NPTEL),AGCS - 21502,Sanjeev Kumar,,Open Academic Slot,Notify eligible faculty -> allow own-subject extra lecture after conflict check
SCH-0099,5th Semester CS-1,Tuesday,4,11:30 AM - 12:20 PM,MB301,Artificial Intelligence,AGCS - 21505,Veenum Devi,,Open Academic Slot,Notify eligible faculty -> allow own-subject extra lecture after conflict check
SCH-0100,5th Semester CS-1,Wednesday,4,11:30 AM - 12:20 PM,MB301,Artificial Intelligence Lab,AGCS - 21509,Veenum Devi,G1,Open Academic Slot,Notify eligible faculty -> allow own-subject extra lecture after conflict check
SCH-0101,5th Semester CS-1,Wednesday,4,11:30 AM - 12:20 PM,R&S Lab,Programming in Java Lab,AGCS - 21508,Gaurav,G2,Open Academic Slot,Notify eligible faculty -> allow own-subject extra lecture after conflict check
SCH-0102,5th Semester CS-1,Thursday,4,11:30 AM - 12:20 PM,BDA Lab,Design and Analysis of Algorithms Lab,AGCS - 21506,Ramanpreet Singh,G1,Open Academic Slot,Notify eligible faculty -> allow own-subject extra lecture after conflict check
SCH-0103,5th Semester CS-1,Thursday,4,11:30 AM - 12:20 PM,MB301,Artificial Intelligence Lab,AGCS - 21509,Veenum Devi,G2,Open Academic Slot,Notify eligible faculty -> allow own-subject extra lecture after conflict check
SCH-0104,5th Semester CS-1,Monday,5,12:20 PM - 1:10 PM,MB301,Programming in Java,AGCS - 21503,Gaurav,,Open Academic Slot,Notify eligible faculty -> allow own-subject extra lecture after conflict check
SCH-0105,5th Semester CS-1,Tuesday,5,12:20 PM - 1:10 PM,MB301,Programming in Java,AGCS - 21503,Gaurav,,Open Academic Slot,Notify eligible faculty -> allow own-subject extra lecture after conflict check
SCH-0106,5th Semester CS-1,Wednesday,5,12:20 PM - 1:10 PM,MB301,Artificial Intelligence Lab,AGCS - 21509,Veenum Devi,G1,Open Academic Slot,Notify eligible faculty -> allow own-subject extra lecture after conflict check
SCH-0107,5th Semester CS-1,Wednesday,5,12:20 PM - 1:10 PM,R&S Lab,Programming in Java Lab,AGCS - 21508,Gaurav,G2,Open Academic Slot,Notify eligible faculty -> allow own-subject extra lecture after conflict check
SCH-0108,5th Semester CS-1,Thursday,5,12:20 PM - 1:10 PM,BDA Lab,Design and Analysis of Algorithms Lab,AGCS - 21506,Ramanpreet Singh,G1,Open Academic Slot,Notify eligible faculty -> allow own-subject extra lecture after conflict check
SCH-0109,5th Semester CS-1,Thursday,5,12:20 PM - 1:10 PM,MB301,Artificial Intelligence Lab,AGCS - 21509,Veenum Devi,G2,Open Academic Slot,Notify eligible faculty -> allow own-subject extra lecture after conflict check
SCH-0110,5th Semester CS-1,Monday,7,2:00 PM - 2:50 PM,MB301,Design and Analysis of Algorithms,AGCS - 21501,Ramanpreet Singh,,Open Academic Slot,Notify eligible faculty -> allow own-subject extra lecture after conflict check
SCH-0111,5th Semester CS-1,Tuesday,7,2:00 PM - 2:50 PM,MB-301,Engineering Aptitude - II,AGAP - 21502,Shama Kundra,G1,Open Academic Slot,Notify eligible faculty -> allow own-subject extra lecture after conflict check
SCH-0112,5th Semester CS-1,Tuesday,7,2:00 PM - 2:50 PM,e-Classroom,Design and Analysis of Algorithms,AGCS - 21501,Ramanpreet Singh,G2,Open Academic Slot,Notify eligible faculty -> allow own-subject extra lecture after conflict check
SCH-0113,5th Semester CS-1,Wednesday,7,2:00 PM - 2:50 PM,MB301,Design and Analysis of Algorithms,AGCS - 21501,Ramanpreet Singh,,Open Academic Slot,Notify eligible faculty -> allow own-subject extra lecture after conflict check
SCH-0114,5th Semester CS-1,Thursday,7,2:00 PM - 2:50 PM,MB301,Professional Elective Course-1 (PEC-1) TOC (NPTEL),AGCS - 21504A,Gaurav,,Open Academic Slot,Notify eligible faculty -> allow own-subject extra lecture after conflict check
SCH-0115,5th Semester CS-1,Monday,8,2:50 PM - 3:40 PM,MB301,Professional Elective Course-1 (PEC-1) TOC (NPTEL),AGCS - 21504A,Gaurav,,Open Academic Slot,Notify eligible faculty -> allow own-subject extra lecture after conflict check
SCH-0116,5th Semester CS-1,Tuesday,8,2:50 PM - 3:40 PM,MB301,Software Engineering (NPTEL),AGCS - 21502,Sanjeev Kumar,,Open Academic Slot,Notify eligible faculty -> allow own-subject extra lecture after conflict check
SCH-0117,5th Semester CS-1,Wednesday,8,2:50 PM - 3:40 PM,MB-313,Design and Analysis of Algorithms,AGCS - 21501,Ramanpreet Singh,G1,Open Academic Slot,Notify eligible faculty -> allow own-subject extra lecture after conflict check
SCH-0118,5th Semester CS-1,Wednesday,8,2:50 PM - 3:40 PM,MB-301,Engineering Aptitude - II,AGAP - 21502,Shama Kundra,G2,Open Academic Slot,Notify eligible faculty -> allow own-subject extra lecture after conflict check
SCH-0119,5th Semester CS-1,Thursday,8,2:50 PM - 3:40 PM,MB301,Software Engineering (NPTEL),AGCS - 21502,Sanjeev Kumar,,Open Academic Slot,Notify eligible faculty -> allow own-subject extra lecture after conflict check
SCH-0120,5th Semester CS-2,Thursday,1,9:00 AM - 9:50 AM,MB302,Professional Elective Course-1 (PEC-1) TOC (NPTEL),AGCS - 21504A,Pavitar Singh,,Open Academic Slot,Notify eligible faculty -> allow own-subject extra lecture after conflict check
SCH-0121,5th Semester CS-2,Tuesday,2,9:50 AM - 10:40 AM,MB302,Design and Analysis of Algorithms,AGCS - 21501,Tejinder Sharma,,Open Academic Slot,Notify eligible faculty -> allow own-subject extra lecture after conflict check
SCH-0122,5th Semester CS-2,Wednesday,2,9:50 AM - 10:40 AM,R&S Lab,Programming in Java Lab,AGCS - 21508,Jaspreet Singh,G1,Open Academic Slot,Notify eligible faculty -> allow own-subject extra lecture after conflict check
SCH-0123,5th Semester CS-2,Wednesday,2,9:50 AM - 10:40 AM,MB302,Artificial Intelligence Lab,AGCS - 21509,Sanjeev Kumar,G2,Open Academic Slot,Notify eligible faculty -> allow own-subject extra lecture after conflict check
SCH-0124,5th Semester CS-2,Thursday,2,9:50 AM - 10:40 AM,BDA Lab,Design and Analysis of Algorithms Lab,AGCS - 21506,Tejinder Sharma,G1,Open Academic Slot,Notify eligible faculty -> allow own-subject extra lecture after conflict check
SCH-0125,5th Semester CS-2,Thursday,2,9:50 AM - 10:40 AM,R&S Lab,Programming in Java Lab,AGCS - 21508,Jaspreet Singh,G2,Open Academic Slot,Notify eligible faculty -> allow own-subject extra lecture after conflict check
SCH-0126,5th Semester CS-2,Friday,2,9:50 AM - 10:40 AM,MB302,Artificial Intelligence,AGCS - 21505,Sanjeev Kumar,,Open Academic Slot,Notify eligible faculty -> allow own-subject extra lecture after conflict check
SCH-0127,5th Semester CS-2,Tuesday,3,10:40 AM - 11:30 AM,MB302,Programming in Java,AGCS - 21503,Jaspreet Singh,,Open Academic Slot,Notify eligible faculty -> allow own-subject extra lecture after conflict check
SCH-0128,5th Semester CS-2,Wednesday,3,10:40 AM - 11:30 AM,R&S Lab,Programming in Java Lab,AGCS - 21508,Jaspreet Singh,G1,Open Academic Slot,Notify eligible faculty -> allow own-subject extra lecture after conflict check
SCH-0129,5th Semester CS-2,Wednesday,3,10:40 AM - 11:30 AM,MB302,Artificial Intelligence Lab,AGCS - 21509,Sanjeev Kumar,G2,Open Academic Slot,Notify eligible faculty -> allow own-subject extra lecture after conflict check
SCH-0130,5th Semester CS-2,Thursday,3,10:40 AM - 11:30 AM,BDA Lab,Design and Analysis of Algorithms Lab,AGCS - 21506,Tejinder Sharma,G1,Open Academic Slot,Notify eligible faculty -> allow own-subject extra lecture after conflict check
SCH-0131,5th Semester CS-2,Thursday,3,10:40 AM - 11:30 AM,R&S Lab,Programming in Java Lab,AGCS - 21508,Jaspreet Singh,G2,Open Academic Slot,Notify eligible faculty -> allow own-subject extra lecture after conflict check
SCH-0132,5th Semester CS-2,Friday,3,10:40 AM - 11:30 AM,MB302,Programming in Java,AGCS - 21503,Jaspreet Singh,,Open Academic Slot,Notify eligible faculty -> allow own-subject extra lecture after conflict check
SCH-0133,5th Semester CS-2,Tuesday,4,11:30 AM - 12:20 PM,PL-2 Lab,Software Engineering Lab,AGCS - 21507,Ramanpreet Singh,G1,Open Academic Slot,Notify eligible faculty -> allow own-subject extra lecture after conflict check
SCH-0134,5th Semester CS-2,Tuesday,4,11:30 AM - 12:20 PM,BDA Lab,Design and Analysis of Algorithms Lab,AGCS - 21506,Tejinder Sharma,G2,Open Academic Slot,Notify eligible faculty -> allow own-subject extra lecture after conflict check
SCH-0135,5th Semester CS-2,Wednesday,4,11:30 AM - 12:20 PM,MB302,Programming in Java,AGCS - 21503,Jaspreet Singh,,Open Academic Slot,Notify eligible faculty -> allow own-subject extra lecture after conflict check
SCH-0136,5th Semester CS-2,Thursday,4,11:30 AM - 12:20 PM,MB302,Artificial Intelligence,AGCS - 21505,Sanjeev Kumar,,Open Academic Slot,Notify eligible faculty -> allow own-subject extra lecture after conflict check
SCH-0137,5th Semester CS-2,Friday,4,11:30 AM - 12:20 PM,MB302,Artificial Intelligence Lab,AGCS - 21509,Sanjeev Kumar,G1,Open Academic Slot,Notify eligible faculty -> allow own-subject extra lecture after conflict check
SCH-0138,5th Semester CS-2,Friday,4,11:30 AM - 12:20 PM,PL-2 Lab,Software Engineering Lab,AGCS - 21507,Ramanpreet Singh,G2,Open Academic Slot,Notify eligible faculty -> allow own-subject extra lecture after conflict check
SCH-0139,5th Semester CS-2,Tuesday,5,12:20 PM - 1:10 PM,PL-2 Lab,Software Engineering Lab,AGCS - 21507,Ramanpreet Singh,G1,Open Academic Slot,Notify eligible faculty -> allow own-subject extra lecture after conflict check
SCH-0140,5th Semester CS-2,Tuesday,5,12:20 PM - 1:10 PM,BDA Lab,Design and Analysis of Algorithms Lab,AGCS - 21506,Tejinder Sharma,G2,Open Academic Slot,Notify eligible faculty -> allow own-subject extra lecture after conflict check
SCH-0141,5th Semester CS-2,Wednesday,5,12:20 PM - 1:10 PM,MB302,Artificial Intelligence,AGCS - 21505,Sanjeev Kumar,,Open Academic Slot,Notify eligible faculty -> allow own-subject extra lecture after conflict check
SCH-0142,5th Semester CS-2,Thursday,5,12:20 PM - 1:10 PM,MB302,Design and Analysis of Algorithms,AGCS - 21501,Tejinder Sharma,,Open Academic Slot,Notify eligible faculty -> allow own-subject extra lecture after conflict check
SCH-0143,5th Semester CS-2,Friday,5,12:20 PM - 1:10 PM,MB302,Artificial Intelligence Lab,AGCS - 21509,Sanjeev Kumar,G1,Open Academic Slot,Notify eligible faculty -> allow own-subject extra lecture after conflict check
SCH-0144,5th Semester CS-2,Friday,5,12:20 PM - 1:10 PM,PL-2 Lab,Software Engineering Lab,AGCS - 21507,Ramanpreet Singh,G2,Open Academic Slot,Notify eligible faculty -> allow own-subject extra lecture after conflict check
SCH-0145,5th Semester CS-2,Tuesday,7,2:00 PM - 2:50 PM,MB-302,Engineering Aptitude - II,AGAP - 21502,Jatinder Kaur,G1,Open Academic Slot,Notify eligible faculty -> allow own-subject extra lecture after conflict check
SCH-0146,5th Semester CS-2,Tuesday,7,2:00 PM - 2:50 PM,PL-1 Lab,Design and Analysis of Algorithms,AGCS - 21501,Tejinder Sharma,G2,Open Academic Slot,Notify eligible faculty -> allow own-subject extra lecture after conflict check
SCH-0147,5th Semester CS-2,Wednesday,7,2:00 PM - 2:50 PM,MB302,Software Engineering (NPTEL),AGCS - 21502,Veenum Devi,,Open Academic Slot,Notify eligible faculty -> allow own-subject extra lecture after conflict check
SCH-0148,5th Semester CS-2,Thursday,7,2:00 PM - 2:50 PM,MB-302,Design and Analysis of Algorithms,AGCS - 21501,Tejinder Sharma,G1,Open Academic Slot,Notify eligible faculty -> allow own-subject extra lecture after conflict check
SCH-0149,5th Semester CS-2,Thursday,7,2:00 PM - 2:50 PM,MB-313,Engineering Aptitude - II,AGAP - 21502,Jatinder Kaur,G2,Open Academic Slot,Notify eligible faculty -> allow own-subject extra lecture after conflict check
SCH-0150,5th Semester CS-2,Friday,7,2:00 PM - 2:50 PM,e-Classroom,Design and Analysis of Algorithms,AGCS - 21501,Tejinder Sharma,,Open Academic Slot,Notify eligible faculty -> allow own-subject extra lecture after conflict check
SCH-0151,5th Semester CS-2,Tuesday,8,2:50 PM - 3:40 PM,MB302,Software Engineering (NPTEL),AGCS - 21502,Veenum Devi,,Open Academic Slot,Notify eligible faculty -> allow own-subject extra lecture after conflict check
SCH-0152,5th Semester CS-2,Wednesday,8,2:50 PM - 3:40 PM,MB302,Professional Elective Course-1 (PEC-1) TOC (NPTEL),AGCS - 21504A,Pavitar Singh,,Open Academic Slot,Notify eligible faculty -> allow own-subject extra lecture after conflict check
SCH-0153,5th Semester CS-2,Thursday,8,2:50 PM - 3:40 PM,MB302,Software Engineering (NPTEL),AGCS - 21502,Veenum Devi,,Open Academic Slot,Notify eligible faculty -> allow own-subject extra lecture after conflict check
SCH-0154,5th Semester CS-2,Friday,8,2:50 PM - 3:40 PM,MB302,Professional Elective Course-1 (PEC-1) TOC (NPTEL),AGCS - 21504A,Pavitar Singh,,Open Academic Slot,Notify eligible faculty -> allow own-subject extra lecture after conflict check
SCH-0155,5th Semester CS-3,Tuesday,1,9:00 AM - 9:50 AM,MB-303,Professional Elective Course-1 (PEC-1) TOC (NPTEL),AGCS - 21504A,Chaitali Sood,,Open Academic Slot,Notify eligible faculty -> allow own-subject extra lecture after conflict check
SCH-0156,5th Semester CS-3,Monday,2,9:50 AM - 10:40 AM,MB-303,Design and Analysis of Algorithms,AGCS - 21501,Shagun Arora,G1,Open Academic Slot,Notify eligible faculty -> allow own-subject extra lecture after conflict check
SCH-0157,5th Semester CS-3,Monday,2,9:50 AM - 10:40 AM,MB-313,Engineering Aptitude - II,AGAP - 21502,Shama Kundra,G2,Open Academic Slot,Notify eligible faculty -> allow own-subject extra lecture after conflict check
SCH-0158,5th Semester CS-3,Tuesday,2,9:50 AM - 10:40 AM,R&S Lab,Programming in Java Lab,AGCS - 21508,Goutam Kumar,G1,Open Academic Slot,Notify eligible faculty -> allow own-subject extra lecture after conflict check
SCH-0159,5th Semester CS-3,Tuesday,2,9:50 AM - 10:40 AM,PL-1 Lab,Artificial Intelligence Lab,AGCS - 21509,Gagandeep Kaur Gill,G2,Open Academic Slot,Notify eligible faculty -> allow own-subject extra lecture after conflict check
SCH-0160,5th Semester CS-3,Wednesday,2,9:50 AM - 10:40 AM,MB-303,Artificial Intelligence,AGCS - 21505,Gagandeep Kaur Gill,,Open Academic Slot,Notify eligible faculty -> allow own-subject extra lecture after conflict check
SCH-0161,5th Semester CS-3,Thursday,2,9:50 AM - 10:40 AM,MB-303,Design and Analysis of Algorithms,AGCS - 21501,Shagun Arora,,Open Academic Slot,Notify eligible faculty -> allow own-subject extra lecture after conflict check
SCH-0162,5th Semester CS-3,Monday,3,10:40 AM - 11:30 AM,MB-303,Artificial Intelligence,AGCS - 21505,Gagandeep Kaur Gill,,Open Academic Slot,Notify eligible faculty -> allow own-subject extra lecture after conflict check
SCH-0163,5th Semester CS-3,Tuesday,3,10:40 AM - 11:30 AM,R&S Lab,Programming in Java Lab,AGCS - 21508,Goutam Kumar,G1,Open Academic Slot,Notify eligible faculty -> allow own-subject extra lecture after conflict check
SCH-0164,5th Semester CS-3,Tuesday,3,10:40 AM - 11:30 AM,PL-1 Lab,Artificial Intelligence Lab,AGCS - 21509,Gagandeep Kaur Gill,G2,Open Academic Slot,Notify eligible faculty -> allow own-subject extra lecture after conflict check
SCH-0165,5th Semester CS-3,Wednesday,3,10:40 AM - 11:30 AM,MB-303,Programming in Java,AGCS - 21503,Goutam Kumar,,Open Academic Slot,Notify eligible faculty -> allow own-subject extra lecture after conflict check
SCH-0166,5th Semester CS-3,Thursday,3,10:40 AM - 11:30 AM,MB-303,Professional Elective Course-1 (PEC-1) TOC (NPTEL),AGCS - 21504A,Chaitali Sood,,Open Academic Slot,Notify eligible faculty -> allow own-subject extra lecture after conflict check
SCH-0167,5th Semester CS-3,Monday,4,11:30 AM - 12:20 PM,BDA Lab,Design and Analysis of Algorithms Lab,AGCS - 21506,Shagun Arora,G1,Open Academic Slot,Notify eligible faculty -> allow own-subject extra lecture after conflict check
SCH-0168,5th Semester CS-3,Monday,4,11:30 AM - 12:20 PM,R&S Lab,Programming in Java Lab,AGCS - 21508,Goutam Kumar,G2,Open Academic Slot,Notify eligible faculty -> allow own-subject extra lecture after conflict check
SCH-0169,5th Semester CS-3,Tuesday,4,11:30 AM - 12:20 PM,MB-303,Programming in Java,AGCS - 21503,Goutam Kumar,,Open Academic Slot,Notify eligible faculty -> allow own-subject extra lecture after conflict check
SCH-0170,5th Semester CS-3,Wednesday,4,11:30 AM - 12:20 PM,PL-2 Lab,Software Engineering Lab,AGCS - 21507,Shweta Joshi,G1,Open Academic Slot,Notify eligible faculty -> allow own-subject extra lecture after conflict check
SCH-0171,5th Semester CS-3,Wednesday,4,11:30 AM - 12:20 PM,BDA Lab,Design and Analysis of Algorithms Lab,AGCS - 21506,Shagun Arora,G2,Open Academic Slot,Notify eligible faculty -> allow own-subject extra lecture after conflict check
SCH-0172,5th Semester CS-3,Thursday,4,11:30 AM - 12:20 PM,R&S Lab,Artificial Intelligence Lab,AGCS - 21509,Gagandeep Kaur Gill,G1,Open Academic Slot,Notify eligible faculty -> allow own-subject extra lecture after conflict check
SCH-0173,5th Semester CS-3,Thursday,4,11:30 AM - 12:20 PM,PL-2 Lab,Software Engineering Lab,AGCS - 21507,Shweta Joshi,G2,Open Academic Slot,Notify eligible faculty -> allow own-subject extra lecture after conflict check
SCH-0174,5th Semester CS-3,Monday,5,12:20 PM - 1:10 PM,BDA Lab,Design and Analysis of Algorithms Lab,AGCS - 21506,Shagun Arora,G1,Open Academic Slot,Notify eligible faculty -> allow own-subject extra lecture after conflict check
SCH-0175,5th Semester CS-3,Monday,5,12:20 PM - 1:10 PM,R&S Lab,Programming in Java Lab,AGCS - 21508,Goutam Kumar,G2,Open Academic Slot,Notify eligible faculty -> allow own-subject extra lecture after conflict check
SCH-0176,5th Semester CS-3,Tuesday,5,12:20 PM - 1:10 PM,MB-303,Artificial Intelligence,AGCS - 21505,Gagandeep Kaur Gill,,Open Academic Slot,Notify eligible faculty -> allow own-subject extra lecture after conflict check
SCH-0177,5th Semester CS-3,Wednesday,5,12:20 PM - 1:10 PM,PL-2 Lab,Software Engineering Lab,AGCS - 21507,Shweta Joshi,G1,Open Academic Slot,Notify eligible faculty -> allow own-subject extra lecture after conflict check
SCH-0178,5th Semester CS-3,Wednesday,5,12:20 PM - 1:10 PM,BDA Lab,Design and Analysis of Algorithms Lab,AGCS - 21506,Shagun Arora,G2,Open Academic Slot,Notify eligible faculty -> allow own-subject extra lecture after conflict check
SCH-0179,5th Semester CS-3,Thursday,5,12:20 PM - 1:10 PM,R&S Lab,Artificial Intelligence Lab,AGCS - 21509,Gagandeep Kaur Gill,G1,Open Academic Slot,Notify eligible faculty -> allow own-subject extra lecture after conflict check
SCH-0180,5th Semester CS-3,Thursday,5,12:20 PM - 1:10 PM,PL-2 Lab,Software Engineering Lab,AGCS - 21507,Shweta Joshi,G2,Open Academic Slot,Notify eligible faculty -> allow own-subject extra lecture after conflict check
SCH-0181,5th Semester CS-3,Monday,7,2:00 PM - 2:50 PM,MB-303,Design and Analysis of Algorithms,AGCS - 21501,Shagun Arora,,Open Academic Slot,Notify eligible faculty -> allow own-subject extra lecture after conflict check
SCH-0182,5th Semester CS-3,Tuesday,7,2:00 PM - 2:50 PM,MB-303,Design and Analysis of Algorithms,AGCS - 21501,Shagun Arora,,Open Academic Slot,Notify eligible faculty -> allow own-subject extra lecture after conflict check
SCH-0183,5th Semester CS-3,Wednesday,7,2:00 PM - 2:50 PM,MB-313,Engineering Aptitude - II,AGAP - 21502,Shama Kundra,G1,Open Academic Slot,Notify eligible faculty -> allow own-subject extra lecture after conflict check
SCH-0184,5th Semester CS-3,Wednesday,7,2:00 PM - 2:50 PM,MB-303,Design and Analysis of Algorithms,AGCS - 21501,Shagun Arora,G2,Open Academic Slot,Notify eligible faculty -> allow own-subject extra lecture after conflict check
SCH-0185,5th Semester CS-3,Thursday,7,2:00 PM - 2:50 PM,MB-303,Programming in Java,AGCS - 21503,Goutam Kumar,,Open Academic Slot,Notify eligible faculty -> allow own-subject extra lecture after conflict check
SCH-0186,5th Semester CS-3,Monday,8,2:50 PM - 3:40 PM,MB-303,Professional Elective Course-1 (PEC-1) TOC (NPTEL),AGCS - 21504A,Chaitali Sood,,Open Academic Slot,Notify eligible faculty -> allow own-subject extra lecture after conflict check
SCH-0187,5th Semester CS-3,Tuesday,8,2:50 PM - 3:40 PM,MB-303,Software Engineering (NPTEL),AGCS - 21502,Goutam Kumar,,Open Academic Slot,Notify eligible faculty -> allow own-subject extra lecture after conflict check
SCH-0188,5th Semester CS-3,Wednesday,8,2:50 PM - 3:40 PM,MB-303,Software Engineering (NPTEL),AGCS - 21502,Goutam Kumar,,Open Academic Slot,Notify eligible faculty -> allow own-subject extra lecture after conflict check
SCH-0189,5th Semester CS-3,Thursday,8,2:50 PM - 3:40 PM,MB-303,Software Engineering (NPTEL),AGCS - 21502,Goutam Kumar,,Open Academic Slot,Notify eligible faculty -> allow own-subject extra lecture after conflict check
SCH-0190,5th Semester CoE,Monday,1,9:00 AM - 9:50 AM,R&S Lab,Programming in Java Lab,AGCS - 21508,Goutam Kumar,G1,Open Academic Slot,Notify eligible faculty -> allow own-subject extra lecture after conflict check
SCH-0191,5th Semester CoE,Monday,1,9:00 AM - 9:50 AM,PL-1 Lab,Artificial Intelligence Lab,AGCS - 21509,Jaspreet Singh,G2,Open Academic Slot,Notify eligible faculty -> allow own-subject extra lecture after conflict check
SCH-0192,5th Semester CoE,Tuesday,1,9:00 AM - 9:50 AM,e-Classroom,Artificial Intelligence,AGCS - 21505,Jaspreet Singh,,Open Academic Slot,Notify eligible faculty -> allow own-subject extra lecture after conflict check
SCH-0193,5th Semester CoE,Wednesday,1,9:00 AM - 9:50 AM,e-Classroom,Design and Analysis of Algorithms,AGCS - 21501,Shweta Joshi,G1,Open Academic Slot,Notify eligible faculty -> allow own-subject extra lecture after conflict check
SCH-0194,5th Semester CoE,Wednesday,1,9:00 AM - 9:50 AM,MB-313,Engineering Aptitude - II,AGAP - 21502,Jatinder Kaur,G2,Open Academic Slot,Notify eligible faculty -> allow own-subject extra lecture after conflict check
SCH-0195,5th Semester CoE,Thursday,1,9:00 AM - 9:50 AM,e-Classroom,Artificial Intelligence,AGCS - 21505,Jaspreet Singh,,Open Academic Slot,Notify eligible faculty -> allow own-subject extra lecture after conflict check
SCH-0196,5th Semester CoE,Friday,1,9:00 AM - 9:50 AM,e-Classroom,Software Engineering (NPTEL),AGCS - 21502,Sanjeev Kumar,,Open Academic Slot,Notify eligible faculty -> allow own-subject extra lecture after conflict check
SCH-0197,5th Semester CoE,Monday,2,9:50 AM - 10:40 AM,R&S Lab,Programming in Java Lab,AGCS - 21508,Goutam Kumar,G1,Open Academic Slot,Notify eligible faculty -> allow own-subject extra lecture after conflict check
SCH-0198,5th Semester CoE,Monday,2,9:50 AM - 10:40 AM,PL-1 Lab,Artificial Intelligence Lab,AGCS - 21509,Jaspreet Singh,G2,Open Academic Slot,Notify eligible faculty -> allow own-subject extra lecture after conflict check
SCH-0199,5th Semester CoE,Tuesday,2,9:50 AM - 10:40 AM,e-Classroom,Programming in Java,AGCS - 21503,Sandeep Kad,,Open Academic Slot,Notify eligible faculty -> allow own-subject extra lecture after conflict check
SCH-0200,5th Semester CoE,Wednesday,2,9:50 AM - 10:40 AM,e-Classroom,Programming in Java,AGCS - 21503,Sandeep Kad,,Open Academic Slot,Notify eligible faculty -> allow own-subject extra lecture after conflict check
SCH-0201,5th Semester CoE,Thursday,2,9:50 AM - 10:40 AM,e-Classroom,Programming in Java,AGCS - 21503,Sandeep Kad,,Open Academic Slot,Notify eligible faculty -> allow own-subject extra lecture after conflict check
SCH-0202,5th Semester CoE,Friday,2,9:50 AM - 10:40 AM,e-Classroom,Professional Elective Course-1 (PEC-1) TOC (NPTEL),AGCoE - 21504A,Shweta Joshi,,Open Academic Slot,Notify eligible faculty -> allow own-subject extra lecture after conflict check
SCH-0203,5th Semester CoE,Monday,3,10:40 AM - 11:30 AM,MB-313,Engineering Aptitude - II,AGAP - 21502,Jatinder Kaur,G1,Open Academic Slot,Notify eligible faculty -> allow own-subject extra lecture after conflict check
SCH-0204,5th Semester CoE,Monday,3,10:40 AM - 11:30 AM,e-Classroom,Design and Analysis of Algorithms,AGCS - 21501,Shweta Joshi,G2,Open Academic Slot,Notify eligible faculty -> allow own-subject extra lecture after conflict check
SCH-0205,5th Semester CoE,Tuesday,3,10:40 AM - 11:30 AM,e-Classroom,Design and Analysis of Algorithms,AGCS - 21501,Shweta Joshi,,Open Academic Slot,Notify eligible faculty -> allow own-subject extra lecture after conflict check
SCH-0206,5th Semester CoE,Wednesday,3,10:40 AM - 11:30 AM,e-Classroom,Design and Analysis of Algorithms,AGCS - 21501,Shweta Joshi,,Open Academic Slot,Notify eligible faculty -> allow own-subject extra lecture after conflict check
SCH-0207,5th Semester CoE,Thursday,3,10:40 AM - 11:30 AM,e-Classroom,Design and Analysis of Algorithms,AGCS - 21501,Shweta Joshi,,Open Academic Slot,Notify eligible faculty -> allow own-subject extra lecture after conflict check
SCH-0208,5th Semester CoE,Friday,3,10:40 AM - 11:30 AM,e-Classroom,Software Engineering (NPTEL),AGCS - 21502,Sanjeev Kumar,,Open Academic Slot,Notify eligible faculty -> allow own-subject extra lecture after conflict check
SCH-0209,5th Semester CoE,Monday,4,11:30 AM - 12:20 PM,e-Classroom,Artificial Intelligence,AGCS - 21505,Jaspreet Singh,,Open Academic Slot,Notify eligible faculty -> allow own-subject extra lecture after conflict check
SCH-0210,5th Semester CoE,Tuesday,4,11:30 AM - 12:20 PM,PL-3 Lab,AIML Module,,,,Open Academic Slot,Notify eligible faculty -> allow own-subject extra lecture after conflict check
SCH-0211,5th Semester CoE,Wednesday,4,11:30 AM - 12:20 PM,PL-3 Lab,AIML Module,,,,Open Academic Slot,Notify eligible faculty -> allow own-subject extra lecture after conflict check
SCH-0212,5th Semester CoE,Thursday,4,11:30 AM - 12:20 PM,PL-3 Lab,AIML Module,,,,Open Academic Slot,Notify eligible faculty -> allow own-subject extra lecture after conflict check
SCH-0213,5th Semester CoE,Monday,5,12:20 PM - 1:10 PM,e-Classroom,Professional Elective Course-1 (PEC-1) TOC (NPTEL),AGCoE - 21504A,Shweta Joshi,,Open Academic Slot,Notify eligible faculty -> allow own-subject extra lecture after conflict check
SCH-0214,5th Semester CoE,Tuesday,5,12:20 PM - 1:10 PM,PL-3 Lab,AIML Module,,,,Open Academic Slot,Notify eligible faculty -> allow own-subject extra lecture after conflict check
SCH-0215,5th Semester CoE,Wednesday,5,12:20 PM - 1:10 PM,PL-3 Lab,AIML Module,,,,Open Academic Slot,Notify eligible faculty -> allow own-subject extra lecture after conflict check
SCH-0216,5th Semester CoE,Thursday,5,12:20 PM - 1:10 PM,PL-3 Lab,AIML Module,,,,Open Academic Slot,Notify eligible faculty -> allow own-subject extra lecture after conflict check
SCH-0217,5th Semester CoE,Monday,7,2:00 PM - 2:50 PM,e-Classroom,Software Engineering (NPTEL),AGCS - 21502,Sanjeev Kumar,,Open Academic Slot,Notify eligible faculty -> allow own-subject extra lecture after conflict check
SCH-0218,5th Semester CoE,Tuesday,7,2:00 PM - 2:50 PM,PL-2 Lab,Software Engineering Lab,AGCS - 21507,Sanjeev Kumar,G1,Open Academic Slot,Notify eligible faculty -> allow own-subject extra lecture after conflict check
SCH-0219,5th Semester CoE,Tuesday,7,2:00 PM - 2:50 PM,BDA Lab,Design and Analysis of Algorithms Lab,AGCS - 21506,Shweta Joshi,G2,Open Academic Slot,Notify eligible faculty -> allow own-subject extra lecture after conflict check
SCH-0220,5th Semester CoE,Wednesday,7,2:00 PM - 2:50 PM,BDA Lab,Design and Analysis of Algorithms Lab,AGCS - 21506,Shweta Joshi,G1,Open Academic Slot,Notify eligible faculty -> allow own-subject extra lecture after conflict check
SCH-0221,5th Semester CoE,Wednesday,7,2:00 PM - 2:50 PM,R&S Lab,Programming in Java Lab,AGCS - 21508,Goutam Kumar,G2,Open Academic Slot,Notify eligible faculty -> allow own-subject extra lecture after conflict check
SCH-0222,5th Semester CoE,Thursday,7,2:00 PM - 2:50 PM,PL-1 Lab,Artificial Intelligence Lab,AGCS - 21509,Jaspreet Singh,G1,Open Academic Slot,Notify eligible faculty -> allow own-subject extra lecture after conflict check
SCH-0223,5th Semester CoE,Thursday,7,2:00 PM - 2:50 PM,PL-2 Lab,Software Engineering Lab,AGCS - 21507,Sanjeev Kumar,G2,Open Academic Slot,Notify eligible faculty -> allow own-subject extra lecture after conflict check
SCH-0224,5th Semester CoE,Monday,8,2:50 PM - 3:40 PM,e-Classroom,Professional Elective Course-1 (PEC-1) TOC (NPTEL),AGCoE - 21504A,Shweta Joshi,,Open Academic Slot,Notify eligible faculty -> allow own-subject extra lecture after conflict check
SCH-0225,5th Semester CoE,Tuesday,8,2:50 PM - 3:40 PM,PL-2 Lab,Software Engineering Lab,AGCS - 21507,Sanjeev Kumar,G1,Open Academic Slot,Notify eligible faculty -> allow own-subject extra lecture after conflict check
SCH-0226,5th Semester CoE,Tuesday,8,2:50 PM - 3:40 PM,BDA Lab,Design and Analysis of Algorithms Lab,AGCS - 21506,Shweta Joshi,G2,Open Academic Slot,Notify eligible faculty -> allow own-subject extra lecture after conflict check
SCH-0227,5th Semester CoE,Wednesday,8,2:50 PM - 3:40 PM,BDA Lab,Design and Analysis of Algorithms Lab,AGCS - 21506,Shweta Joshi,G1,Open Academic Slot,Notify eligible faculty -> allow own-subject extra lecture after conflict check
SCH-0228,5th Semester CoE,Wednesday,8,2:50 PM - 3:40 PM,R&S Lab,Programming in Java Lab,AGCS - 21508,Goutam Kumar,G2,Open Academic Slot,Notify eligible faculty -> allow own-subject extra lecture after conflict check
SCH-0229,5th Semester CoE,Thursday,8,2:50 PM - 3:40 PM,PL-1 Lab,Artificial Intelligence Lab,AGCS - 21509,Jaspreet Singh,G1,Open Academic Slot,Notify eligible faculty -> allow own-subject extra lecture after conflict check
SCH-0230,5th Semester CoE,Thursday,8,2:50 PM - 3:40 PM,PL-2 Lab,Software Engineering Lab,AGCS - 21507,Sanjeev Kumar,G2,Open Academic Slot,Notify eligible faculty -> allow own-subject extra lecture after conflict check
SCH-0231,7th Semester CS-3,Tuesday,2,9:50 AM - 10:40 AM,MB-302,Professional Elective Course-3 (PEC-3) ST/DL/CV,AGCS – 21702X | A/B/C,Jaspreet Singh,,Open Academic Slot,Notify eligible faculty -> allow own-subject extra lecture after conflict check
SCH-0232,7th Semester CS-3,Wednesday,2,9:50 AM - 10:40 AM,MB-302,Data Science,AGCS - 21701,Gaurav Sharma,,Open Academic Slot,Notify eligible faculty -> allow own-subject extra lecture after conflict check
SCH-0233,7th Semester CS-3,Thursday,2,9:50 AM - 10:40 AM,PL-4 Lab,Data Science Lab,AGCS - 21703,Gaurav Sharma,G1,Open Academic Slot,Notify eligible faculty -> allow own-subject extra lecture after conflict check
SCH-0234,7th Semester CS-3,Thursday,2,9:50 AM - 10:40 AM,DB Lab,Major Project Lab,AGCS - 21704,Bhuvnesh Kumar,G2,Open Academic Slot,Notify eligible faculty -> allow own-subject extra lecture after conflict check
SCH-0235,7th Semester CS-3,Friday,2,9:50 AM - 10:40 AM,DB Lab,Major Project Lab,AGCS - 21704,Tejinder Sharma,G1,Open Academic Slot,Notify eligible faculty -> allow own-subject extra lecture after conflict check
SCH-0236,7th Semester CS-3,Friday,2,9:50 AM - 10:40 AM,PL-4 Lab,Data Science Lab,AGCS - 21703,Gaurav Sharma,G2,Open Academic Slot,Notify eligible faculty -> allow own-subject extra lecture after conflict check
SCH-0237,7th Semester CS-3,Tuesday,3,10:40 AM - 11:30 AM,MB-302,Professional Elective Course-4 (PEC-4) | IOT/SNA/RL,AGCS – 21702Y | F/G/H,Tejinder Sharma,,Open Academic Slot,Notify eligible faculty -> allow own-subject extra lecture after conflict check
SCH-0238,7th Semester CS-3,Wednesday,3,10:40 AM - 11:30 AM,MB-302,Management of Human Resources,AGOE - 21709,,,Open Academic Slot,Notify eligible faculty -> allow own-subject extra lecture after conflict check
SCH-0239,7th Semester CS-3,Thursday,3,10:40 AM - 11:30 AM,PL-4 Lab,Data Science Lab,AGCS - 21703,Gaurav Sharma,G1,Open Academic Slot,Notify eligible faculty -> allow own-subject extra lecture after conflict check
SCH-0240,7th Semester CS-3,Thursday,3,10:40 AM - 11:30 AM,DB Lab,Major Project Lab,AGCS - 21704,Bhuvnesh Kumar,G2,Open Academic Slot,Notify eligible faculty -> allow own-subject extra lecture after conflict check
SCH-0241,7th Semester CS-3,Friday,3,10:40 AM - 11:30 AM,DB Lab,Major Project Lab,AGCS - 21704,Tejinder Sharma,G1,Open Academic Slot,Notify eligible faculty -> allow own-subject extra lecture after conflict check
SCH-0242,7th Semester CS-3,Friday,3,10:40 AM - 11:30 AM,PL-4 Lab,Data Science Lab,AGCS - 21703,Gaurav Sharma,G2,Open Academic Slot,Notify eligible faculty -> allow own-subject extra lecture after conflict check
SCH-0243,7th Semester CS-3,Wednesday,4,11:30 AM - 12:20 PM,MB-304,Data Science,AGCS - 21701,Gaurav Sharma,G1,Open Academic Slot,Notify eligible faculty -> allow own-subject extra lecture after conflict check
SCH-0244,7th Semester CS-3,Thursday,4,11:30 AM - 12:20 PM,MB302 / MB304,Management of Human Resources,AGOE - 21709,,,Open Academic Slot,Notify eligible faculty -> allow own-subject extra lecture after conflict check
SCH-0245,7th Semester CS-3,Friday,4,11:30 AM - 12:20 PM,MB302 / MB304,Management of Human Resources,AGOE - 21709,,,Open Academic Slot,Notify eligible faculty -> allow own-subject extra lecture after conflict check
SCH-0246,7th Semester CS-3,Wednesday,5,12:20 PM - 1:10 PM,MB-304,Data Science,AGCS - 21701,Gaurav Sharma,G2,Open Academic Slot,Notify eligible faculty -> allow own-subject extra lecture after conflict check
SCH-0247,7th Semester CS-3,Thursday,5,12:20 PM - 1:10 PM,MB-304,Data Science,AGCS - 21701,Gaurav Sharma,,Open Academic Slot,Notify eligible faculty -> allow own-subject extra lecture after conflict check
SCH-0248,7th Semester CS-3,Friday,5,12:20 PM - 1:10 PM,MB-304,Data Science,AGCS - 21701,Gaurav Sharma,,Open Academic Slot,Notify eligible faculty -> allow own-subject extra lecture after conflict check
SCH-0249,7th Semester CS-3,Wednesday,7,2:00 PM - 2:50 PM,DB Lab,Major Project Lab,AGCS - 21704,Tejinder Sharma,G1,Open Academic Slot,Notify eligible faculty -> allow own-subject extra lecture after conflict check
SCH-0250,7th Semester CS-3,Wednesday,7,2:00 PM - 2:50 PM,PL-1 Lab,Major Project Lab,AGCS - 21704,Bhuvnesh Kumar,G2,Open Academic Slot,Notify eligible faculty -> allow own-subject extra lecture after conflict check
SCH-0251,7th Semester CS-3,Thursday,7,2:00 PM - 2:50 PM,MB-304,Professional Elective Course-3 (PEC-3) ST/DL/CV,AGCS – 21702X | A/B/C,Jaspreet Singh,,Open Academic Slot,Notify eligible faculty -> allow own-subject extra lecture after conflict check
SCH-0252,7th Semester CS-3,Friday,7,2:00 PM - 2:50 PM,MB-304,Professional Elective Course-3 (PEC-3) ST/DL/CV,AGCS – 21702X | A/B/C,Jaspreet Singh,,Open Academic Slot,Notify eligible faculty -> allow own-subject extra lecture after conflict check
SCH-0253,7th Semester CS-3,Wednesday,8,2:50 PM - 3:40 PM,DB Lab,Major Project Lab,AGCS - 21704,Tejinder Sharma,G1,Open Academic Slot,Notify eligible faculty -> allow own-subject extra lecture after conflict check
SCH-0254,7th Semester CS-3,Wednesday,8,2:50 PM - 3:40 PM,PL-1 Lab,Major Project Lab,AGCS - 21704,Bhuvnesh Kumar,G2,Open Academic Slot,Notify eligible faculty -> allow own-subject extra lecture after conflict check
SCH-0255,7th Semester CS-3,Thursday,8,2:50 PM - 3:40 PM,MB-304,Professional Elective Course-4 (PEC-4) | IOT/SNA/RL,AGCS – 21702Y | F/G/H,Tejinder Sharma,,Open Academic Slot,Notify eligible faculty -> allow own-subject extra lecture after conflict check
SCH-0256,7th Semester CS-3,Friday,8,2:50 PM - 3:40 PM,MB-304,Professional Elective Course-4 (PEC-4) | IOT/SNA/RL,AGCS – 21702Y | F/G/H,Tejinder Sharma,,Open Academic Slot,Notify eligible faculty -> allow own-subject extra lecture after conflict check
SCH-0257,7th Semester CoE,Monday,2,9:50 AM - 10:40 AM,MB304,Data Science,AGCS - 21701,Bhuvnesh Kumar,,Open Academic Slot,Notify eligible faculty -> allow own-subject extra lecture after conflict check
SCH-0258,7th Semester CoE,Tuesday,2,9:50 AM - 10:40 AM,DB Lab,Major Project Lab,AGCS - 21704,Ajay Sharma,G1,Open Academic Slot,Notify eligible faculty -> allow own-subject extra lecture after conflict check
SCH-0259,7th Semester CoE,Tuesday,2,9:50 AM - 10:40 AM,PL-4 Lab,Data Science Lab,AGCS - 21703,Bhuvnesh Kumar,G2,Open Academic Slot,Notify eligible faculty -> allow own-subject extra lecture after conflict check
SCH-0260,7th Semester CoE,Wednesday,2,9:50 AM - 10:40 AM,MB304,Data Science,AGCS - 21701,Bhuvnesh Kumar,,Open Academic Slot,Notify eligible faculty -> allow own-subject extra lecture after conflict check
SCH-0261,7th Semester CoE,Thursday,2,9:50 AM - 10:40 AM,MB304,Professional Elective Course-3 (PEC-3) ST/DL/CV,AGCS – 21702X | A/B/C,Bhuvnesh Kumar,,Open Academic Slot,Notify eligible faculty -> allow own-subject extra lecture after conflict check
SCH-0262,7th Semester CoE,Monday,3,10:40 AM - 11:30 AM,MB304,Management of Human Resources,AGOE - 21709,Namrita Kalia,,Open Academic Slot,Notify eligible faculty -> allow own-subject extra lecture after conflict check
SCH-0263,7th Semester CoE,Tuesday,3,10:40 AM - 11:30 AM,DB Lab,Major Project Lab,AGCS - 21704,Ajay Sharma,G1,Open Academic Slot,Notify eligible faculty -> allow own-subject extra lecture after conflict check
SCH-0264,7th Semester CoE,Tuesday,3,10:40 AM - 11:30 AM,PL-4 Lab,Data Science Lab,AGCS - 21703,Bhuvnesh Kumar,G2,Open Academic Slot,Notify eligible faculty -> allow own-subject extra lecture after conflict check
SCH-0265,7th Semester CoE,Wednesday,3,10:40 AM - 11:30 AM,MB304,Management of Human Resources,AGOE - 21709,Namrita Kalia,,Open Academic Slot,Notify eligible faculty -> allow own-subject extra lecture after conflict check
SCH-0266,7th Semester CoE,Thursday,3,10:40 AM - 11:30 AM,MB304,Professional Elective Course-4 (PEC-4) | IOT/SNA/RL,AGCS – 21702Y | F/G/H,Ramanpreet Singh,,Open Academic Slot,Notify eligible faculty -> allow own-subject extra lecture after conflict check
SCH-0267,7th Semester CoE,Monday,4,11:30 AM - 12:20 PM,PL-4 Lab,Data Science Lab,AGCS - 21703,Bhuvnesh Kumar,G1,Open Academic Slot,Notify eligible faculty -> allow own-subject extra lecture after conflict check
SCH-0268,7th Semester CoE,Monday,4,11:30 AM - 12:20 PM,DB Lab,Major Project Lab,AGCS - 21704,Pavitar Singh,G2,Open Academic Slot,Notify eligible faculty -> allow own-subject extra lecture after conflict check
SCH-0269,7th Semester CoE,Tuesday,4,11:30 AM - 12:20 PM,MB304,Management of Human Resources,AGOE - 21709,Namrita Kalia,,Open Academic Slot,Notify eligible faculty -> allow own-subject extra lecture after conflict check
SCH-0270,7th Semester CoE,Wednesday,4,11:30 AM - 12:20 PM,DB Lab,Major Project Lab,AGCS - 21704,Ajay Sharma,G1,Open Academic Slot,Notify eligible faculty -> allow own-subject extra lecture after conflict check
SCH-0271,7th Semester CoE,Wednesday,4,11:30 AM - 12:20 PM,PL-4 Lab,Major Project Lab,AGCS - 21704,Pavitar Singh,G2,Open Academic Slot,Notify eligible faculty -> allow own-subject extra lecture after conflict check
SCH-0272,7th Semester CoE,Monday,5,12:20 PM - 1:10 PM,PL-4 Lab,Data Science Lab,AGCS - 21703,Bhuvnesh Kumar,G1,Open Academic Slot,Notify eligible faculty -> allow own-subject extra lecture after conflict check
SCH-0273,7th Semester CoE,Monday,5,12:20 PM - 1:10 PM,DB Lab,Major Project Lab,AGCS - 21704,Pavitar Singh,G2,Open Academic Slot,Notify eligible faculty -> allow own-subject extra lecture after conflict check
SCH-0274,7th Semester CoE,Tuesday,5,12:20 PM - 1:10 PM,MB304,Professional Elective Course-3 (PEC-3) ST/DL/CV,AGCS – 21702X | A/B/C,Bhuvnesh Kumar,,Open Academic Slot,Notify eligible faculty -> allow own-subject extra lecture after conflict check
SCH-0275,7th Semester CoE,Wednesday,5,12:20 PM - 1:10 PM,DB Lab,Major Project Lab,AGCS - 21704,Ajay Sharma,G1,Open Academic Slot,Notify eligible faculty -> allow own-subject extra lecture after conflict check
SCH-0276,7th Semester CoE,Wednesday,5,12:20 PM - 1:10 PM,PL-4 Lab,Major Project Lab,AGCS - 21704,Pavitar Singh,G2,Open Academic Slot,Notify eligible faculty -> allow own-subject extra lecture after conflict check
SCH-0277,7th Semester CoE,Monday,7,2:00 PM - 2:50 PM,MB304,Data Science,AGCS - 21701,Bhuvnesh Kumar,G2,Open Academic Slot,Notify eligible faculty -> allow own-subject extra lecture after conflict check
SCH-0278,7th Semester CoE,Tuesday,7,2:00 PM - 2:50 PM,MB304,Data Science,AGCS - 21701,Bhuvnesh Kumar,,Open Academic Slot,Notify eligible faculty -> allow own-subject extra lecture after conflict check
SCH-0279,7th Semester CoE,Wednesday,7,2:00 PM - 2:50 PM,MB304,Professional Elective Course-3 (PEC-3) ST/DL/CV,AGCS – 21702X | A/B/C,Bhuvnesh Kumar,,Open Academic Slot,Notify eligible faculty -> allow own-subject extra lecture after conflict check
SCH-0280,7th Semester CoE,Monday,8,2:50 PM - 3:40 PM,MB304,Data Science,AGCS - 21701,Bhuvnesh Kumar,G1,Open Academic Slot,Notify eligible faculty -> allow own-subject extra lecture after conflict check
SCH-0281,7th Semester CoE,Tuesday,8,2:50 PM - 3:40 PM,MB304,Professional Elective Course-4 (PEC-4) | IOT/SNA/RL,AGCS – 21702Y | F/G/H,Ramanpreet Singh,,Open Academic Slot,Notify eligible faculty -> allow own-subject extra lecture after conflict check
SCH-0282,7th Semester CoE,Wednesday,8,2:50 PM - 3:40 PM,MB304,Professional Elective Course-4 (PEC-4) | IOT/SNA/RL,AGCS – 21702Y | F/G/H,Ramanpreet Singh,,Open Academic Slot,Notify eligible faculty -> allow own-subject extra lecture after conflict check
SCH-0283,M.Tech CSE 1st Semester,Monday,1,9:00 AM - 9:50 AM,MB301,Advanced Data Structures (ADS),MTOE 102-18,,,Open Academic Slot,Notify eligible faculty -> allow own-subject extra lecture after conflict check
SCH-0284,M.Tech CSE 1st Semester,Tuesday,1,9:00 AM - 9:50 AM,MB313,Mathematical foundations of Computer Science (MFOCS),MTCS 101-18,AS-RS: Mr. Retneer Sharma,,Open Academic Slot,Notify eligible faculty -> allow own-subject extra lecture after conflict check
SCH-0285,M.Tech CSE 1st Semester,Wednesday,1,9:00 AM - 9:50 AM,MB301,Advanced Data Structures (ADS),MTOE 102-18,Tejinder Sharma,,Open Academic Slot,Notify eligible faculty -> allow own-subject extra lecture after conflict check
SCH-0286,M.Tech CSE 1st Semester,Thursday,1,9:00 AM - 9:50 AM,AS-203,Research Methodology and IPR (RMIPR),MTRM 101-18,,,Open Academic Slot,Notify eligible faculty -> allow own-subject extra lecture after conflict check
SCH-0287,M.Tech CSE 1st Semester,Wednesday,2,9:50 AM - 10:40 AM,,Advanced Data Structures Lab,MTCS 103-18,Tejinder Sharma,,Open Academic Slot,Notify eligible faculty -> allow own-subject extra lecture after conflict check
SCH-0288,M.Tech CSE 1st Semester,Thursday,2,9:50 AM - 10:40 AM,MB302,Machine Learning (ML),MTCS 105-18,Sanjeev Kumar,,Open Academic Slot,Notify eligible faculty -> allow own-subject extra lecture after conflict check
SCH-0289,M.Tech CSE 1st Semester,Friday,2,9:50 AM - 10:40 AM,MB301,Mathematical foundations of Computer Science (MFOCS),MTCS 101-18,AS-RS: Mr. Retneer Sharma,,Open Academic Slot,Notify eligible faculty -> allow own-subject extra lecture after conflict check
SCH-0290,M.Tech CSE 1st Semester,Wednesday,3,10:40 AM - 11:30 AM,,Advanced Data Structures Lab,MTCS 103-18,Tejinder Sharma,,Open Academic Slot,Notify eligible faculty -> allow own-subject extra lecture after conflict check
SCH-0291,M.Tech CSE 1st Semester,Thursday,3,10:40 AM - 11:30 AM,MB302,Mathematical foundations of Computer Science (MFOCS),MTCS 101-18,AS-RS: Mr. Retneer Sharma,,Open Academic Slot,Notify eligible faculty -> allow own-subject extra lecture after conflict check
SCH-0292,M.Tech CSE 1st Semester,Friday,3,10:40 AM - 11:30 AM,MB301,Data Science (DSc),MTCS 108-18,Bhuvnesh Kumar,,Open Academic Slot,Notify eligible faculty -> allow own-subject extra lecture after conflict check
SCH-0293,M.Tech CSE 1st Semester,Wednesday,4,11:30 AM - 12:20 PM,MB313,Data Science (DSc),MTCS 108-18,Bhuvnesh Kumar,,Open Academic Slot,Notify eligible faculty -> allow own-subject extra lecture after conflict check
SCH-0294,M.Tech CSE 1st Semester,Friday,4,11:30 AM - 12:20 PM,MB313,Audit Course,MTA-04,Pavitar Singh,,Open Academic Slot,Notify eligible faculty -> allow own-subject extra lecture after conflict check
SCH-0295,M.Tech CSE 1st Semester,Monday,5,12:20 PM - 1:10 PM,MB313,Machine Learning (ML),MTCS 105-18,Sanjeev Kumar,,Open Academic Slot,Notify eligible faculty -> allow own-subject extra lecture after conflict check
SCH-0296,M.Tech CSE 1st Semester,Tuesday,5,12:20 PM - 1:10 PM,MB313,Machine Learning (ML),MTCS 105-18,Sanjeev Kumar,,Open Academic Slot,Notify eligible faculty -> allow own-subject extra lecture after conflict check
SCH-0297,M.Tech CSE 1st Semester,Thursday,5,12:20 PM - 1:10 PM,,Audit Course,MTA-04,Pavitar Singh,,Open Academic Slot,Notify eligible faculty -> allow own-subject extra lecture after conflict check
SCH-0298,M.Tech CSE 1st Semester,Friday,5,12:20 PM - 1:10 PM,MB313,Advanced Data Structures (ADS),MTOE 102-18,,,Open Academic Slot,Notify eligible faculty -> allow own-subject extra lecture after conflict check
SCH-0299,M.Tech CSE 1st Semester,Monday,7,2:00 PM - 2:50 PM,,Advanced Data Structures Lab,MTCS 103-18,Tejinder Sharma,,Open Academic Slot,Notify eligible faculty -> allow own-subject extra lecture after conflict check
SCH-0300,M.Tech CSE 1st Semester,Tuesday,7,2:00 PM - 2:50 PM,AS-203,Research Methodology and IPR (RMIPR),MTRM 101-18,,,Open Academic Slot,Notify eligible faculty -> allow own-subject extra lecture after conflict check
SCH-0301,M.Tech CSE 1st Semester,Wednesday,7,2:00 PM - 2:50 PM,,Machine Learning,MTCS 104-18,Sanjeev Kumar,,Open Academic Slot,Notify eligible faculty -> allow own-subject extra lecture after conflict check
SCH-0302,M.Tech CSE 1st Semester,Thursday,7,2:00 PM - 2:50 PM,e-Classroom,Data Science (DSc),MTCS 108-18,Bhuvnesh Kumar,,Open Academic Slot,Notify eligible faculty -> allow own-subject extra lecture after conflict check
SCH-0303,M.Tech CSE 1st Semester,Friday,7,2:00 PM - 2:50 PM,,Machine Learning,MTCS 104-18,Sanjeev Kumar,,Open Academic Slot,Notify eligible faculty -> allow own-subject extra lecture after conflict check
SCH-0304,M.Tech CSE 1st Semester,Monday,8,2:50 PM - 3:40 PM,,Advanced Data Structures Lab,MTCS 103-18,Tejinder Sharma,,Open Academic Slot,Notify eligible faculty -> allow own-subject extra lecture after conflict check
SCH-0305,M.Tech CSE 1st Semester,Wednesday,8,2:50 PM - 3:40 PM,,Machine Learning,MTCS 104-18,Sanjeev Kumar,,Open Academic Slot,Notify eligible faculty -> allow own-subject extra lecture after conflict check
SCH-0306,M.Tech CSE 1st Semester,Friday,8,2:50 PM - 3:40 PM,,Machine Learning,MTCS 104-18,Sanjeev Kumar,,Open Academic Slot,Notify eligible faculty -> allow own-subject extra lecture after conflict check
SCH-0307,M.Tech CSE 3rd Semester,Thursday,2,9:50 AM - 10:40 AM,,Dissertation-I,MTCS 301-18,Ajay Sharma,,Open Academic Slot,Notify eligible faculty -> allow own-subject extra lecture after conflict check
SCH-0308,M.Tech CSE 3rd Semester,Friday,2,9:50 AM - 10:40 AM,,Optimization Techniques,MTCS 304-18,Pavitar Singh,,Open Academic Slot,Notify eligible faculty -> allow own-subject extra lecture after conflict check
SCH-0309,M.Tech CSE 3rd Semester,Thursday,3,10:40 AM - 11:30 AM,,Optimization Techniques,MTCS 304-18,Pavitar Singh,,Open Academic Slot,Notify eligible faculty -> allow own-subject extra lecture after conflict check
SCH-0310,M.Tech CSE 3rd Semester,Friday,3,10:40 AM - 11:30 AM,,Dissertation-I,MTCS 301-18,Ajay Sharma,,Open Academic Slot,Notify eligible faculty -> allow own-subject extra lecture after conflict check
SCH-0311,M.Tech CSE 3rd Semester,Monday,4,11:30 AM - 12:20 PM,PL-3 Lab,Dissertation-I,MTCS 301-18,Tejinder Sharma,,Open Academic Slot,Notify eligible faculty -> allow own-subject extra lecture after conflict check
SCH-0312,M.Tech CSE 3rd Semester,Tuesday,4,11:30 AM - 12:20 PM,,Dissertation-I,MTCS 301-18,Ajay Sharma,,Open Academic Slot,Notify eligible faculty -> allow own-subject extra lecture after conflict check
SCH-0313,M.Tech CSE 3rd Semester,Monday,5,12:20 PM - 1:10 PM,PL-3 Lab,Dissertation-I,MTCS 301-18,Tejinder Sharma,,Open Academic Slot,Notify eligible faculty -> allow own-subject extra lecture after conflict check
SCH-0314,M.Tech CSE 3rd Semester,Tuesday,5,12:20 PM - 1:10 PM,,Optimization Techniques,MTCS 304-18,Pavitar Singh,,Open Academic Slot,Notify eligible faculty -> allow own-subject extra lecture after conflict check
