record_id,source_page,class_section,program,semester,day,period,time,subject_code,schedule_subject_code,subject_name,faculty_codes,faculty_names,group,track,session_type,room,source_cell
SCH-0001,1,3rd Semester CS-1,B.Tech CSE,3rd,Monday,2,9:50 AM - 10:40 AM,AGCS–25306,AGCS-25306,Object Oriented Programming using C++ Lab,CS-AJS ; CS-GV,Ajay Sharma ; Gaurav,G1 + G2,,Lab,ME-218,"AGCS-25306 | OOPS LAB | G1+G2 | CS-AJS, CS-GV"
SCH-0002,1,3rd Semester CS-1,B.Tech CSE,3rd,Tuesday,2,9:50 AM - 10:40 AM,AGCS–25301,AGCS-25301,Probability and Statistics,AS-SK,Shama Kundra,,,Lecture,ME-218,AGCS-25301 | P&S | AS-SK
SCH-0003,1,3rd Semester CS-1,B.Tech CSE,3rd,Wednesday,2,9:50 AM - 10:40 AM,AGCS–25302,AGCS-25302,Object Oriented Programming using C++,CS-AJS,Ajay Sharma,,,Lecture,ME-218,AGCS-25302 | OOPS | CS-AJS
SCH-0004,1,3rd Semester CS-1,B.Tech CSE,3rd,Thursday,2,9:50 AM - 10:40 AM,AGCS–25307,AGCS-25307,Data Structures Lab,CS-GV ; CS-GK,Gaurav ; Goutam Kumar,G1 + G2,,Lab,ME-218,"AGCS-25307 | DS LAB | G1+ G2 | CS-GV, CS-GK"
SCH-0005,1,3rd Semester CS-1,B.Tech CSE,3rd,Friday,2,9:50 AM - 10:40 AM,AGCS–25308,AGCS-25308,AI Tools and Applications Lab,CS-GK ; CS-PK,Goutam Kumar ; Parambir Kaur,G1 + G2,,Lab,ME-218,"AGCS-25308 | AITL LAB | G1+G2 | CS-GK, CS-PK"
SCH-0006,1,3rd Semester CS-1,B.Tech CSE,3rd,Monday,3,10:40 AM - 11:30 AM,AGCS–25306,AGCS-25306,Object Oriented Programming using C++ Lab,CS-AJS ; CS-GV,Ajay Sharma ; Gaurav,G1 + G2,,Lab,ME-218,"AGCS-25306 | OOPS LAB | G1+G2 | CS-AJS, CS-GV"
SCH-0007,1,3rd Semester CS-1,B.Tech CSE,3rd,Tuesday,3,10:40 AM - 11:30 AM,AGMC-25001,AGMC-25001,Indian Constitution,IQAC-PK,Pardeep Kaur,,,Lecture,ME-218,AGMC-25001 | IC | IQAC-PK
SCH-0008,1,3rd Semester CS-1,B.Tech CSE,3rd,Wednesday,3,10:40 AM - 11:30 AM,,,Entrepreneurship Mindset Curriculum,,,,,Lecture,ME-218,EMC
SCH-0009,1,3rd Semester CS-1,B.Tech CSE,3rd,Thursday,3,10:40 AM - 11:30 AM,AGCS–25307,AGCS-25307,Data Structures Lab,CS-GV ; CS-GK,Gaurav ; Goutam Kumar,G1 + G2,,Lab,ME-218,"AGCS-25307 | DS LAB | G1+ G2 | CS-GV, CS-GK"
SCH-0010,1,3rd Semester CS-1,B.Tech CSE,3rd,Friday,3,10:40 AM - 11:30 AM,AGCS–25308,AGCS-25308,AI Tools and Applications Lab,CS-GK ; CS-PK,Goutam Kumar ; Parambir Kaur,G1 + G2,,Lab,ME-218,"AGCS-25308 | AITL LAB | G1+G2 | CS-GK, CS-PK"
SCH-0011,1,3rd Semester CS-1,B.Tech CSE,3rd,Monday,4,11:30 AM - 12:20 PM,AGCS–25304,AGCS-25304,Computer Organization and Architecture (NPTEL),CS-AJS,Ajay Sharma,,,Lecture,ME-218,AGCS-25304 | COA NPTEL | CS-AJS
SCH-0012,1,3rd Semester CS-1,B.Tech CSE,3rd,Tuesday,4,11:30 AM - 12:20 PM,,,Entrepreneurship Mindset Curriculum,,,,,Lecture,ME-218,EMC
SCH-0013,1,3rd Semester CS-1,B.Tech CSE,3rd,Wednesday,4,11:30 AM - 12:20 PM,AGCS–25305,AGCS-25305,Emerging Trends in Computer Science,CS-PK,Parambir Kaur,,,Lecture,ME-218,AGCS-25305 | ETCS | CS-PK
SCH-0014,1,3rd Semester CS-1,B.Tech CSE,3rd,Thursday,4,11:30 AM - 12:20 PM,AGCS–25301,AGCS-25301,Probability and Statistics,AS-SK,Shama Kundra,,,Lecture,ME-218,AGCS-25301 | P&S | AS-SK
SCH-0015,1,3rd Semester CS-1,B.Tech CSE,3rd,Friday,4,11:30 AM - 12:20 PM,AGCS–25303,AGCS-25303,Data Structures,CS-GV,Gaurav,,,Lecture,ME-218,AGCS-25303 | DS | CS-GV
SCH-0016,1,3rd Semester CS-1,B.Tech CSE,3rd,Monday,5,12:20 PM - 1:10 PM,AGCS–25302,AGCS-25302,Object Oriented Programming using C++,CS-AJS,Ajay Sharma,,,Lecture,ME-218,AGCS-25302 | OOPS | CS-AJS
SCH-0017,1,3rd Semester CS-1,B.Tech CSE,3rd,Tuesday,5,12:20 PM - 1:10 PM,AGCS–25305,AGCS-25305,Emerging Trends in Computer Science,CS-PK,Parambir Kaur,,,Lecture,ME-218,AGCS-25305 | ETCS | CS-PK
SCH-0018,1,3rd Semester CS-1,B.Tech CSE,3rd,Wednesday,5,12:20 PM - 1:10 PM,AGCS–25301,AGCS-25301,Probability and Statistics,AS-SK,Shama Kundra,,,Lecture,ME-218,AGCS-25301 | P&S | AS-SK
SCH-0019,1,3rd Semester CS-1,B.Tech CSE,3rd,Thursday,5,12:20 PM - 1:10 PM,AGCS–25303,AGCS-25303,Data Structures,CS-GV,Gaurav,G1 + G2,,Tutorial,ME-218,AGCS-25303 | DS (T) | G1 + G2 | CS-GV
SCH-0020,1,3rd Semester CS-1,B.Tech CSE,3rd,Friday,5,12:20 PM - 1:10 PM,AGCS–25302,AGCS-25302,Object Oriented Programming using C++,CS-AJS,Ajay Sharma,,,Lecture,ME-218,AGCS-25302 | OOPS | CS-AJS
SCH-0021,1,3rd Semester CS-1,B.Tech CSE,3rd,Monday,7,2:00 PM - 2:50 PM,AGCS–25301,AGCS-25301,Probability and Statistics,AS-SK,Shama Kundra,G1 + G2,,Tutorial,ME-218,AGCS-25301 | P&S (T) | G1+G2 | AS-SK
SCH-0022,1,3rd Semester CS-1,B.Tech CSE,3rd,Tuesday,7,2:00 PM - 2:50 PM,AGCS–25303,AGCS-25303,Data Structures,CS-GV,Gaurav,,,Lecture,ME-218,AGCS-25303 | DS | CS-GV
SCH-0023,1,3rd Semester CS-1,B.Tech CSE,3rd,Wednesday,7,2:00 PM - 2:50 PM,AGCS–25309,AGCS-25309,Problem Solving using Python Lab,CS-PK ; CS-AJS,Parambir Kaur ; Ajay Sharma,G1 + G2,,Lab,ME-218,"AGCS-25309 | PYTHON LAB | G1 + G2 | CS-PK, CS-AJS"
SCH-0024,1,3rd Semester CS-1,B.Tech CSE,3rd,Thursday,7,2:00 PM - 2:50 PM,AGCS–25303,AGCS-25303,Data Structures,CS-GV,Gaurav,,,Lecture,ME-218,AGCS-25303 | DS | CS-GV
SCH-0025,1,3rd Semester CS-1,B.Tech CSE,3rd,Friday,7,2:00 PM - 2:50 PM,AGCS–25305,AGCS-25305,Emerging Trends in Computer Science,CS-PK,Parambir Kaur,,,Lecture,ME-218,AGCS-25305 | ETCS | CS-PK
SCH-0026,1,3rd Semester CS-1,B.Tech CSE,3rd,Tuesday,8,2:50 PM - 3:40 PM,AGCS–25304,AGCS-25304,Computer Organization and Architecture (NPTEL),CS-AJS,Ajay Sharma,,,Lecture,ME-218,AGCS-25304 | COA NPTEL | CS-AJS
SCH-0027,1,3rd Semester CS-1,B.Tech CSE,3rd,Wednesday,8,2:50 PM - 3:40 PM,AGCS–25309,AGCS-25309,Problem Solving using Python Lab,CS-PK ; CS-AJS,Parambir Kaur ; Ajay Sharma,G1 + G2,,Lab,ME-218,"AGCS-25309 | PYTHON LAB | G1 + G2 | CS-PK, CS-AJS"
SCH-0028,1,3rd Semester CS-1,B.Tech CSE,3rd,Thursday,8,2:50 PM - 3:40 PM,AGCS–25304,AGCS-25304,Computer Organization and Architecture (NPTEL),CS-AJS,Ajay Sharma,,,Lecture,ME-218,AGCS-25304 | COA NPTEL | CS-AJS
SCH-0029,2,3rd Semester CS-2,B.Tech CSE,3rd,Monday,2,9:50 AM - 10:40 AM,AGCS–25303,AGCS-25303,Data Structures,CS-VD,Veenum Devi,,,Lecture,ME-217,AGCS-25303 | DS | CS-VD
SCH-0030,2,3rd Semester CS-2,B.Tech CSE,3rd,Tuesday,2,9:50 AM - 10:40 AM,AGCS–25306,AGCS-25306,Object Oriented Programming using C++ Lab,CS-PK ; CS-VD,Parambir Kaur ; Veenum Devi,G1 + G2,,Lab,ME-217,"AGCS-25306 | OOPS LAB | G1+G2 | CS-PK, CS-VD"
SCH-0031,2,3rd Semester CS-2,B.Tech CSE,3rd,Wednesday,2,9:50 AM - 10:40 AM,AGCS–25302,AGCS-25302,Object Oriented Programming using C++,CS-PK,Parambir Kaur,,,Lecture,ME-217,AGCS-25302 | OOPS | CS-PK
SCH-0032,2,3rd Semester CS-2,B.Tech CSE,3rd,Thursday,2,9:50 AM - 10:40 AM,AGCS–25301,AGCS-25301,Probability and Statistics,AS-SK,Shama Kundra,,,Lecture,ME-217,AGCS-25301 | P&S | AS-SK
SCH-0033,2,3rd Semester CS-2,B.Tech CSE,3rd,Friday,2,9:50 AM - 10:40 AM,AGCS–25303,AGCS-25303,Data Structures,CS-VD,Veenum Devi,,,Lecture,ME-217,AGCS-25303 | DS | CS-VD
SCH-0034,2,3rd Semester CS-2,B.Tech CSE,3rd,Monday,3,10:40 AM - 11:30 AM,,,Entrepreneurship Mindset Curriculum,,,,,Lecture,ME-217,EMC
SCH-0035,2,3rd Semester CS-2,B.Tech CSE,3rd,Tuesday,3,10:40 AM - 11:30 AM,AGCS–25306,AGCS-25306,Object Oriented Programming using C++ Lab,CS-PK ; CS-VD,Parambir Kaur ; Veenum Devi,G1 + G2,,Lab,ME-217,"AGCS-25306 | OOPS LAB | G1+G2 | CS-PK, CS-VD"
SCH-0036,2,3rd Semester CS-2,B.Tech CSE,3rd,Wednesday,3,10:40 AM - 11:30 AM,AGCS–25301,AGCS-25301,Probability and Statistics,AS-SK,Shama Kundra,,,Lecture,ME-217,AGCS-25301 | P&S | AS-SK
SCH-0037,2,3rd Semester CS-2,B.Tech CSE,3rd,Thursday,3,10:40 AM - 11:30 AM,AGCS–25302,AGCS-25302,Object Oriented Programming using C++,CS-PK,Parambir Kaur,,,Lecture,ME-217,AGCS-25302 | OOPS | CS-PK
SCH-0038,2,3rd Semester CS-2,B.Tech CSE,3rd,Friday,3,10:40 AM - 11:30 AM,AGCS–25301,AGCS-25301,Probability and Statistics,AS-SK,Shama Kundra,,,Lecture,ME-217,AGCS-25301 | P&S | AS-SK
SCH-0039,2,3rd Semester CS-2,B.Tech CSE,3rd,Monday,4,11:30 AM - 12:20 PM,AGCS–25307,AGCS-25307,Data Structures Lab,CS-VD ; CS-PK,Veenum Devi ; Parambir Kaur,G1 + G2,,Lab,ME-217,"AGCS-25307 | DS LAB | G1+G2 | CS-VD, CS-PK"
SCH-0040,2,3rd Semester CS-2,B.Tech CSE,3rd,Tuesday,4,11:30 AM - 12:20 PM,,,Entrepreneurship Mindset Curriculum,,,,,Lecture,ME-217,EMC
SCH-0041,2,3rd Semester CS-2,B.Tech CSE,3rd,Wednesday,4,11:30 AM - 12:20 PM,AGMC-25001,AGMC-25001,Indian Constitution,IQAC-PK,Pardeep Kaur,,,Lecture,ME-217,AGMC-25001 | IC | IQAC-PK
SCH-0042,2,3rd Semester CS-2,B.Tech CSE,3rd,Thursday,4,11:30 AM - 12:20 PM,AGCS–25308,AGCS-25308,AI Tools and Applications Lab,CS-AJS ; CS-JS,Ajay Sharma ; Jaspreet Singh,G1 + G2,,Lab,ME-217,"AGCS-25308 | AITL LAB | G1+G2 | CS-AJS, CS-JS"
SCH-0043,2,3rd Semester CS-2,B.Tech CSE,3rd,Friday,4,11:30 AM - 12:20 PM,AGCS–25309,AGCS-25309,Problem Solving using Python Lab,CS-KS ; CS-PK,Khushi Sood ; Parambir Kaur,G1 + G2,,Lab,ME-217,"AGCS-25309 | Python LAB | G1+G2 | CS-KS, CS-PK"
SCH-0044,2,3rd Semester CS-2,B.Tech CSE,3rd,Monday,5,12:20 PM - 1:10 PM,AGCS–25307,AGCS-25307,Data Structures Lab,CS-VD ; CS-PK,Veenum Devi ; Parambir Kaur,G1 + G2,,Lab,ME-217,"AGCS-25307 | DS LAB | G1+G2 | CS-VD, CS-PK"
SCH-0045,2,3rd Semester CS-2,B.Tech CSE,3rd,Tuesday,5,12:20 PM - 1:10 PM,AGCS–25305,AGCS-25305,Emerging Trends in Computer Science,CS-BK,Bhuvnesh Kumar,,,Lecture,ME-217,AGCS-25305 | ETCS | CS-BK
SCH-0046,2,3rd Semester CS-2,B.Tech CSE,3rd,Wednesday,5,12:20 PM - 1:10 PM,AGCS–25305,AGCS-25305,Emerging Trends in Computer Science,CS-BK,Bhuvnesh Kumar,,,Lecture,ME-217,AGCS-25305 | ETCS | CS-BK
SCH-0047,2,3rd Semester CS-2,B.Tech CSE,3rd,Thursday,5,12:20 PM - 1:10 PM,AGCS–25308,AGCS-25308,AI Tools and Applications Lab,CS-AJS ; CS-JS,Ajay Sharma ; Jaspreet Singh,G1 + G2,,Lab,ME-217,"AGCS-25308 | AITL LAB | G1+G2 | CS-AJS, CS-JS"
SCH-0048,2,3rd Semester CS-2,B.Tech CSE,3rd,Friday,5,12:20 PM - 1:10 PM,AGCS–25309,AGCS-25309,Problem Solving using Python Lab,CS-KS ; CS-PK,Khushi Sood ; Parambir Kaur,G1 + G2,,Lab,ME-217,"AGCS-25309 | Python LAB | G1+G2 | CS-KS, CS-PK"
SCH-0049,2,3rd Semester CS-2,B.Tech CSE,3rd,Monday,7,2:00 PM - 2:50 PM,AGCS–25302,AGCS-25302,Object Oriented Programming using C++,CS-PK,Parambir Kaur,,,Lecture,ME-217,AGCS-25302 | OOPS | CS-PK
SCH-0050,2,3rd Semester CS-2,B.Tech CSE,3rd,Tuesday,7,2:00 PM - 2:50 PM,AGCS–25303,AGCS-25303,Data Structures,CS-VD,Veenum Devi,,,Lecture,ME-217,AGCS-25303 | DS | CS-VD
SCH-0051,2,3rd Semester CS-2,B.Tech CSE,3rd,Wednesday,7,2:00 PM - 2:50 PM,AGCS–25304,AGCS-25304,Computer Organization and Architecture (NPTEL),CS-SA,Shagun Arora,,,Lecture,ME-217,AGCS-25304 | COA NPTEL | CS-SA
SCH-0052,2,3rd Semester CS-2,B.Tech CSE,3rd,Thursday,7,2:00 PM - 2:50 PM,AGCS–25303,AGCS-25303,Data Structures,CS-VD,Veenum Devi,G1 + G2,,Tutorial,ME-217,AGCS-25303 | DS (T) G1+G2 | CS-VD
SCH-0053,2,3rd Semester CS-2,B.Tech CSE,3rd,Friday,7,2:00 PM - 2:50 PM,AGCS–25301,AGCS-25301,Probability and Statistics,AS-SK,Shama Kundra,G1 + G2,,Tutorial,ME-217,AGCS-25301 | P&S (T) G1+G2 | AS-SK
SCH-0054,2,3rd Semester CS-2,B.Tech CSE,3rd,Tuesday,8,2:50 PM - 3:40 PM,AGCS–25304,AGCS-25304,Computer Organization and Architecture (NPTEL),CS-SA,Shagun Arora,,,Lecture,ME-217,AGCS-25304 | COA NPTEL | CS-SA
SCH-0055,2,3rd Semester CS-2,B.Tech CSE,3rd,Thursday,8,2:50 PM - 3:40 PM,AGCS–25304,AGCS-25304,Computer Organization and Architecture (NPTEL),CS-SA,Shagun Arora,,,Lecture,ME-217,AGCS-25304 | COA NPTEL | CS-SA
SCH-0056,2,3rd Semester CS-2,B.Tech CSE,3rd,Friday,8,2:50 PM - 3:40 PM,AGCS–25305,AGCS-25305,Emerging Trends in Computer Science,CS-BK,Bhuvnesh Kumar,,,Lecture,ME-217,AGCS-25305 | ETCS | CS-BK
SCH-0057,3,3rd Semester CoE,B.Tech CoE,3rd,Monday,2,9:50 AM - 10:40 AM,,,Entrepreneurship Mindset Curriculum,,,,,Lecture,ME-219,EMC
SCH-0058,3,3rd Semester CoE,B.Tech CoE,3rd,Tuesday,2,9:50 AM - 10:40 AM,AGCS–25306,AGCS–25306,Object Oriented Programming using C++ Lab,CS-SA,Shagun Arora,,,Lecture,ME-219,AGCS–25306 | OOPS | CS-SA
SCH-0059,3,3rd Semester CoE,B.Tech CoE,3rd,Wednesday,2,9:50 AM - 10:40 AM,AGMC-25001,,Indian Constitution,IQAC-PK,Pardeep Kaur,,,Lecture,ME-219,IC
SCH-0060,3,3rd Semester CoE,B.Tech CoE,3rd,Thursday,2,9:50 AM - 10:40 AM,AGCS–25301,AGCS–25301,Probability and Statistics,AS-RS,,G1 + G2,,Tutorial,ME-219,AGCS–25301 | P&S(T) G1 + G2 | AS-RS
SCH-0061,3,3rd Semester CoE,B.Tech CoE,3rd,Friday,2,9:50 AM - 10:40 AM,AGCS–25305,AGCS–25305,Emerging Trends in Computer Science,CS-RPS,Ramanpreet Singh,,,Lecture,ME-219,AGCS–25305 | ETCS | CS-RPS
SCH-0062,3,3rd Semester CoE,B.Tech CoE,3rd,Monday,3,10:40 AM - 11:30 AM,AGCS–25301,AGCS–25301,Probability and Statistics,AS-RS,,,,Lecture,ME-219,AGCS–25301 | P&S | AS-RS
SCH-0063,3,3rd Semester CoE,B.Tech CoE,3rd,Tuesday,3,10:40 AM - 11:30 AM,AGCS–25301,AGCS–25301,Probability and Statistics,AS-RS,,,,Lecture,ME-219,AGCS–25301 | P&S | AS-RS
SCH-0064,3,3rd Semester CoE,B.Tech CoE,3rd,Wednesday,3,10:40 AM - 11:30 AM,AGCS–25305,AGCS–25305,Emerging Trends in Computer Science,CS-RPS,Ramanpreet Singh,,,Lecture,ME-219,AGCS–25305 | ETCS | CS-RPS
SCH-0065,3,3rd Semester CoE,B.Tech CoE,3rd,Thursday,3,10:40 AM - 11:30 AM,AGCS–25306,AGCS–25306,Object Oriented Programming using C++ Lab,CS-SA,Shagun Arora,,,Lecture,ME-219,AGCS–25306 | OOPS | CS-SA
SCH-0066,3,3rd Semester CoE,B.Tech CoE,3rd,Friday,3,10:40 AM - 11:30 AM,AGCS–25303,AGCS–25303,Data Structures,CS-GKG,Gagandeep Kaur Gill,,,Lecture,ME-219,AGCS–25303 | DS | CS-GKG
SCH-0067,3,3rd Semester CoE,B.Tech CoE,3rd,Monday,4,11:30 AM - 12:20 PM,AGCS–25303,AGCS–25303,Data Structures,CS-GKG,Gagandeep Kaur Gill,,,Lecture,ME-219,AGCS–25303 | DS | CS-GKG
SCH-0068,3,3rd Semester CoE,B.Tech CoE,3rd,Tuesday,4,11:30 AM - 12:20 PM,AGCS–25306,AGCS–25306,Object Oriented Programming using C++ Lab,CS-SA ; CS-GS,Gaurav Sharma ; Gaurav Sharma,G1 + G2,,Lab,ME-219,"AGCS–25306 | OOPS Lab | G1+G2 | CS-SA, CS-GS"
SCH-0069,3,3rd Semester CoE,B.Tech CoE,3rd,Wednesday,4,11:30 AM - 12:20 PM,AGCS–25307,AGCS–25307,Data Structures Lab,CS-GKG ; CS-KS,Gagandeep Kaur Gill ; Khushi Sood,G1 + G2,,Lab,ME-219,"AGCS–25307 | DS LAB | G1+G2 | CS-GKG, CS-KS"
SCH-0070,3,3rd Semester CoE,B.Tech CoE,3rd,Thursday,4,11:30 AM - 12:20 PM,AGCS–25301,AGCS–25301,Probability and Statistics,AS-RS,,,,Lecture,ME-219,AGCS–25301 | P&S | AS-RS
SCH-0071,3,3rd Semester CoE,B.Tech CoE,3rd,Friday,4,11:30 AM - 12:20 PM,AGCS–25306,AGCS–25306,Object Oriented Programming using C++ Lab,CS-SA,Shagun Arora,,,Lecture,ME-219,AGCS–25306 | OOPS | CS-SA
SCH-0072,3,3rd Semester CoE,B.Tech CoE,3rd,Monday,5,12:20 PM - 1:10 PM,AGCS–25305,AGCS–25305,Emerging Trends in Computer Science,CS-RPS,Ramanpreet Singh,,,Lecture,ME-219,AGCS–25305 | ETCS | CS-RPS
SCH-0073,3,3rd Semester CoE,B.Tech CoE,3rd,Tuesday,5,12:20 PM - 1:10 PM,AGCS–25306,AGCS–25306,Object Oriented Programming using C++ Lab,CS-SA ; CS-GS,Gaurav Sharma ; Gaurav Sharma,G1 + G2,,Lab,ME-219,"AGCS–25306 | OOPS Lab | G1+G2 | CS-SA, CS-GS"
SCH-0074,3,3rd Semester CoE,B.Tech CoE,3rd,Wednesday,5,12:20 PM - 1:10 PM,AGCS–25307,AGCS–25307,Data Structures Lab,CS-GKG ; CS-KS,Gagandeep Kaur Gill ; Khushi Sood,G1 + G2,,Lab,ME-219,"AGCS–25307 | DS LAB | G1+G2 | CS-GKG, CS-KS"
SCH-0075,3,3rd Semester CoE,B.Tech CoE,3rd,Thursday,5,12:20 PM - 1:10 PM,,,Entrepreneurship Mindset Curriculum,,,,,Lecture,ME-219,EMC
SCH-0076,3,3rd Semester CoE,B.Tech CoE,3rd,Friday,5,12:20 PM - 1:10 PM,AGCS–25304,AGCS-25304,Computer Organization and Architecture (NPTEL),CS-GKG,Gagandeep Kaur Gill,,,Lecture,ME-219,AGCS-25304 | CA NPTEL | CS-GKG
SCH-0077,3,3rd Semester CoE,B.Tech CoE,3rd,Monday,7,2:00 PM - 2:50 PM,AGCS–25308,AGCS–25308,AI Tools and Applications Lab,CS-SJ ; CS-GK,Shweta Joshi ; Goutam Kumar,G1 + G2,,Lab,ME-219,"AGCS–25308 | AITL LAB | G1+G2 | CS-SJ, CS-GK"
SCH-0078,3,3rd Semester CoE,B.Tech CoE,3rd,Tuesday,7,2:00 PM - 2:50 PM,AGCS–25303,AGCS–25303,Data Structures,CS-GKG,Gagandeep Kaur Gill,G1 + G2,,Tutorial,ME-219,AGCS–25303 | DS(T) G1+G2 | CS-GKG
SCH-0079,3,3rd Semester CoE,B.Tech CoE,3rd,Wednesday,7,2:00 PM - 2:50 PM,AGCS–25303,AGCS–25303,Data Structures,CS-GKG,Gagandeep Kaur Gill,,,Lecture,ME-219,AGCS–25303 | DS | CS-GKG
SCH-0080,3,3rd Semester CoE,B.Tech CoE,3rd,Thursday,7,2:00 PM - 2:50 PM,AGCS–25309,AGCS–25309,Problem Solving using Python Lab,CS-GS ; CS-SA,Gaurav Sharma ; Shagun Arora,G1 + G2,,Lab,ME-219,"AGCS–25309 | PYTHON LAB | G1+G2 | CS-GS, CS-SA"
SCH-0081,3,3rd Semester CoE,B.Tech CoE,3rd,Monday,8,2:50 PM - 3:40 PM,AGCS–25308,AGCS–25308,AI Tools and Applications Lab,CS-SJ ; CS-GK,Shweta Joshi ; Goutam Kumar,G1 + G2,,Lab,ME-219,"AGCS–25308 | AITL LAB | G1+G2 | CS-SJ, CS-GK"
SCH-0082,3,3rd Semester CoE,B.Tech CoE,3rd,Tuesday,8,2:50 PM - 3:40 PM,AGCS–25304,AGCS-25304,Computer Organization and Architecture (NPTEL),CS-GKG,Gagandeep Kaur Gill,,,Lecture,ME-219,AGCS-25304 | CA NPTEL | CS-GKG
SCH-0083,3,3rd Semester CoE,B.Tech CoE,3rd,Wednesday,8,2:50 PM - 3:40 PM,AGCS–25304,AGCS-25304,Computer Organization and Architecture (NPTEL),CS-GKG,Gagandeep Kaur Gill,,,Lecture,ME-219,AGCS-25304 | CA NPTEL | CS-GKG
SCH-0084,3,3rd Semester CoE,B.Tech CoE,3rd,Thursday,8,2:50 PM - 3:40 PM,AGCS–25309,AGCS–25309,Problem Solving using Python Lab,CS-GS ; CS-SA,Gaurav Sharma ; Shagun Arora,G1 + G2,,Lab,ME-219,"AGCS–25309 | PYTHON LAB | G1+G2 | CS-GS, CS-SA"
SCH-0085,4,5th Semester CS-1,B.Tech CSE,5th,Wednesday,1,9:00 AM - 9:50 AM,AGCS - 21504A,AGCS-21504A,Professional Elective Course-1 (PEC-1) TOC (NPTEL),CS-GV,Gaurav,,,Lecture,MB301,AGCS-21504A | PEC-1 TOC NPTEL | CS-GV
SCH-0086,4,5th Semester CS-1,B.Tech CSE,5th,Monday,2,9:50 AM - 10:40 AM,AGCS - 21507,AGCS-21507,Software Engineering Lab,CS-SJK,Sanjeev Kumar,G1,,Lab,PL-2 Lab,AGCS-21507 | SE Lab | G1 | CS-SJK | PL-2 Lab
SCH-0087,4,5th Semester CS-1,B.Tech CSE,5th,Monday,2,9:50 AM - 10:40 AM,AGCS - 21506,AGCS-21506,Design and Analysis of Algorithms Lab,CS-RPS,Ramanpreet Singh,G2,,Lab,BDA Lab,AGCS-21506 | DAA Lab | G2 | CS-RPS | BDA Lab
SCH-0088,4,5th Semester CS-1,B.Tech CSE,5th,Tuesday,2,9:50 AM - 10:40 AM,AGCS - 21508,AGCS-21508,Programming in Java Lab,CS-GV,Gaurav,G1,,Lab,BDA Lab,AGCS-21508 | PIJ Lab | G1 | CS-GV | BDA Lab
SCH-0089,4,5th Semester CS-1,B.Tech CSE,5th,Tuesday,2,9:50 AM - 10:40 AM,AGCS - 21507,AGCS-21507,Software Engineering Lab,CS-SJK,Sanjeev Kumar,G2,,Lab,PL-2 Lab,AGCS-21507 | SE Lab | G2 | CS-SJK | PL-2 Lab
SCH-0090,4,5th Semester CS-1,B.Tech CSE,5th,Wednesday,2,9:50 AM - 10:40 AM,AGCS - 21505,AGCS-21505,Artificial Intelligence,CS-VD,Veenum Devi,,,Lecture,MB301,AGCS-21505 | AI | CS-VD
SCH-0091,4,5th Semester CS-1,B.Tech CSE,5th,Thursday,2,9:50 AM - 10:40 AM,AGCS - 21505,AGCS-21505,Artificial Intelligence,CS-VD,Veenum Devi,,,Lecture,MB301,AGCS-21505 | AI | CS-VD
SCH-0092,4,5th Semester CS-1,B.Tech CSE,5th,Monday,3,10:40 AM - 11:30 AM,AGCS - 21507,AGCS-21507,Software Engineering Lab,CS-SJK,Sanjeev Kumar,G1,,Lab,PL-2 Lab,AGCS-21507 | SE Lab | G1 | CS-SJK | PL-2 Lab
SCH-0093,4,5th Semester CS-1,B.Tech CSE,5th,Monday,3,10:40 AM - 11:30 AM,AGCS - 21506,AGCS-21506,Design and Analysis of Algorithms Lab,CS-RPS,Ramanpreet Singh,G2,,Lab,BDA Lab,AGCS-21506 | DAA Lab | G2 | CS-RPS | BDA Lab
SCH-0094,4,5th Semester CS-1,B.Tech CSE,5th,Tuesday,3,10:40 AM - 11:30 AM,AGCS - 21508,AGCS-21508,Programming in Java Lab,CS-GV,Gaurav,G1,,Lab,BDA Lab,AGCS-21508 | PIJ Lab | G1 | CS-GV | BDA Lab
SCH-0095,4,5th Semester CS-1,B.Tech CSE,5th,Tuesday,3,10:40 AM - 11:30 AM,AGCS - 21507,AGCS-21507,Software Engineering Lab,CS-SJK,Sanjeev Kumar,G2,,Lab,PL-2 Lab,AGCS-21507 | SE Lab | G2 | CS-SJK | PL-2 Lab
SCH-0096,4,5th Semester CS-1,B.Tech CSE,5th,Wednesday,3,10:40 AM - 11:30 AM,AGCS - 21503,AGCS-21503,Programming in Java,CS-GV,Gaurav,,,Lecture,MB301,AGCS-21503 | PIJ | CS-GV
SCH-0097,4,5th Semester CS-1,B.Tech CSE,5th,Thursday,3,10:40 AM - 11:30 AM,AGCS - 21501,AGCS-21501,Design and Analysis of Algorithms,CS-RPS,Ramanpreet Singh,,,Lecture,MB301,AGCS-21501 | DAA | CS-RPS
SCH-0098,4,5th Semester CS-1,B.Tech CSE,5th,Monday,4,11:30 AM - 12:20 PM,AGCS - 21502,AGCS-21502,Software Engineering (NPTEL),CS-SJK,Sanjeev Kumar,,,Lecture,MB301,AGCS-21502 | SE NPTEL | CS-SJK
SCH-0099,4,5th Semester CS-1,B.Tech CSE,5th,Tuesday,4,11:30 AM - 12:20 PM,AGCS - 21505,AGCS-21505,Artificial Intelligence,CS-VD,Veenum Devi,,,Lecture,MB301,AGCS-21505 | AI | CS-VD
SCH-0100,4,5th Semester CS-1,B.Tech CSE,5th,Wednesday,4,11:30 AM - 12:20 PM,AGCS - 21509,AGCS-21509,Artificial Intelligence Lab,CS-VD,Veenum Devi,G1,,Lab,MB301,AGCS-21509 | AI Lab | G1 | CS-VD | PL-I Lab
SCH-0101,4,5th Semester CS-1,B.Tech CSE,5th,Wednesday,4,11:30 AM - 12:20 PM,AGCS - 21508,AGCS-21508,Programming in Java Lab,CS-GV,Gaurav,G2,,Lab,R&S Lab,AGCS-21508 | PIJ Lab | G2 | CS-GV | R&S Lab
SCH-0102,4,5th Semester CS-1,B.Tech CSE,5th,Thursday,4,11:30 AM - 12:20 PM,AGCS - 21506,AGCS-21506,Design and Analysis of Algorithms Lab,CS-RPS,Ramanpreet Singh,G1,,Lab,BDA Lab,AGCS-21506 | DAA Lab | G1 | CS-RPS | BDA Lab
SCH-0103,4,5th Semester CS-1,B.Tech CSE,5th,Thursday,4,11:30 AM - 12:20 PM,AGCS - 21509,AGCS-21509,Artificial Intelligence Lab,CS-VD,Veenum Devi,G2,,Lab,MB301,AGCS-21509 | AI Lab | G2 | CS-VD | PL-I Lab
SCH-0104,4,5th Semester CS-1,B.Tech CSE,5th,Monday,5,12:20 PM - 1:10 PM,AGCS - 21503,AGCS-21503,Programming in Java,CS-GV,Gaurav,,,Lecture,MB301,AGCS-21503 | PIJ | CS-GV
SCH-0105,4,5th Semester CS-1,B.Tech CSE,5th,Tuesday,5,12:20 PM - 1:10 PM,AGCS - 21503,AGCS-21503,Programming in Java,CS-GV,Gaurav,,,Lecture,MB301,AGCS-21503 | PIJ | CS-GV
SCH-0106,4,5th Semester CS-1,B.Tech CSE,5th,Wednesday,5,12:20 PM - 1:10 PM,AGCS - 21509,AGCS-21509,Artificial Intelligence Lab,CS-VD,Veenum Devi,G1,,Lab,MB301,AGCS-21509 | AI Lab | G1 | CS-VD | PL-I Lab
SCH-0107,4,5th Semester CS-1,B.Tech CSE,5th,Wednesday,5,12:20 PM - 1:10 PM,AGCS - 21508,AGCS-21508,Programming in Java Lab,CS-GV,Gaurav,G2,,Lab,R&S Lab,AGCS-21508 | PIJ Lab | G2 | CS-GV | R&S Lab
SCH-0108,4,5th Semester CS-1,B.Tech CSE,5th,Thursday,5,12:20 PM - 1:10 PM,AGCS - 21506,AGCS-21506,Design and Analysis of Algorithms Lab,CS-RPS,Ramanpreet Singh,G1,,Lab,BDA Lab,AGCS-21506 | DAA Lab | G1 | CS-RPS | BDA Lab
SCH-0109,4,5th Semester CS-1,B.Tech CSE,5th,Thursday,5,12:20 PM - 1:10 PM,AGCS - 21509,AGCS-21509,Artificial Intelligence Lab,CS-VD,Veenum Devi,G2,,Lab,MB301,AGCS-21509 | AI Lab | G2 | CS-VD | PL-I Lab
SCH-0110,4,5th Semester CS-1,B.Tech CSE,5th,Monday,7,2:00 PM - 2:50 PM,AGCS - 21501,AGCS-21501,Design and Analysis of Algorithms,CS-RPS,Ramanpreet Singh,,,Lecture,MB301,AGCS-21501 | DAA | CS-RPS
SCH-0111,4,5th Semester CS-1,B.Tech CSE,5th,Tuesday,7,2:00 PM - 2:50 PM,AGAP - 21502,AGAP-21502,Engineering Aptitude - II,AS-SK,Shama Kundra,G1,,Tutorial,MB-301,AGAP-21502 | EA-II(T) G1 | AS-SK | MB-301
SCH-0112,4,5th Semester CS-1,B.Tech CSE,5th,Tuesday,7,2:00 PM - 2:50 PM,AGCS - 21501,AGCS-21501,Design and Analysis of Algorithms,CS-RPS,Ramanpreet Singh,G2,,Tutorial,e-Classroom,AGCS-21501 | DAA(T) G2 | CS-RPS | e-class
SCH-0113,4,5th Semester CS-1,B.Tech CSE,5th,Wednesday,7,2:00 PM - 2:50 PM,AGCS - 21501,AGCS-21501,Design and Analysis of Algorithms,CS-RPS,Ramanpreet Singh,,,Lecture,MB301,AGCS-21501 | DAA | CS-RPS
SCH-0114,4,5th Semester CS-1,B.Tech CSE,5th,Thursday,7,2:00 PM - 2:50 PM,AGCS - 21504A,AGCS-21504A,Professional Elective Course-1 (PEC-1) TOC (NPTEL),CS-GV,Gaurav,,,Lecture,MB301,AGCS-21504A | PEC-1 TOC NPTEL | CS-GV
SCH-0115,4,5th Semester CS-1,B.Tech CSE,5th,Monday,8,2:50 PM - 3:40 PM,AGCS - 21504A,AGCS-21504A,Professional Elective Course-1 (PEC-1) TOC (NPTEL),CS-GV,Gaurav,,,Lecture,MB301,AGCS-21504A | PEC-1 TOC NPTEL | CS-GV
SCH-0116,4,5th Semester CS-1,B.Tech CSE,5th,Tuesday,8,2:50 PM - 3:40 PM,AGCS - 21502,AGCS-21502,Software Engineering (NPTEL),CS-SJK,Sanjeev Kumar,,,Lecture,MB301,AGCS-21502 | SE NPTEL | CS-SJK
SCH-0117,4,5th Semester CS-1,B.Tech CSE,5th,Wednesday,8,2:50 PM - 3:40 PM,AGCS - 21501,AGCS-21501,Design and Analysis of Algorithms,CS-RPS,Ramanpreet Singh,G1,,Tutorial,MB-313,AGCS-21501 | DAA(T) G1 | CS-RPS | MB-313
SCH-0118,4,5th Semester CS-1,B.Tech CSE,5th,Wednesday,8,2:50 PM - 3:40 PM,AGAP - 21502,AGAP-21502,Engineering Aptitude - II,AS-SK,Shama Kundra,G2,,Tutorial,MB-301,AGAP-21502 | EA-II(T) G2 | AS-SK | MB-301
SCH-0119,4,5th Semester CS-1,B.Tech CSE,5th,Thursday,8,2:50 PM - 3:40 PM,AGCS - 21502,AGCS-21502,Software Engineering (NPTEL),CS-SJK,Sanjeev Kumar,,,Lecture,MB301,AGCS-21502 | SE NPTEL | CS-SJK
SCH-0120,5,5th Semester CS-2,B.Tech CSE,5th,Thursday,1,9:00 AM - 9:50 AM,AGCS - 21504A,AGCS-21504A,Professional Elective Course-1 (PEC-1) TOC (NPTEL),CS-PS,Pavitar Singh,,,Lecture,MB302,AGCS-21504A | PEC-1 TOC NPTEL | CS-PS
SCH-0121,5,5th Semester CS-2,B.Tech CSE,5th,Tuesday,2,9:50 AM - 10:40 AM,AGCS - 21501,AGCS,Design and Analysis of Algorithms,CS-TJS,Tejinder Sharma,,,Lecture,MB302,AGCS – 21501 | DAA | CS-TJS
SCH-0122,5,5th Semester CS-2,B.Tech CSE,5th,Wednesday,2,9:50 AM - 10:40 AM,AGCS - 21508,AGCS,Programming in Java Lab,CS-JS,Jaspreet Singh,G1,,Lab,R&S Lab,AGCS – 21508 PIJ Lab | G1 | CS-JS | R&S Lab
SCH-0123,5,5th Semester CS-2,B.Tech CSE,5th,Wednesday,2,9:50 AM - 10:40 AM,AGCS - 21509,AGCS,Artificial Intelligence Lab,CS-SJK,Sanjeev Kumar,G2,,Lab,MB302,AGCS – 21509 | AI Lab | G2 | CS-SJK | PL-I Lab
SCH-0124,5,5th Semester CS-2,B.Tech CSE,5th,Thursday,2,9:50 AM - 10:40 AM,AGCS - 21506,AGCS,Design and Analysis of Algorithms Lab,CS-TJS,Tejinder Sharma,G1,,Lab,BDA Lab,AGCS – 21506 | DAA Lab | G1 | CS-TJS | BDA Lab
SCH-0125,5,5th Semester CS-2,B.Tech CSE,5th,Thursday,2,9:50 AM - 10:40 AM,AGCS - 21508,AGCS,Programming in Java Lab,CS-JS,Jaspreet Singh,G2,,Lab,R&S Lab,AGCS – 21508 | PIJ Lab | G2 | CS-JS | R&S Lab
SCH-0126,5,5th Semester CS-2,B.Tech CSE,5th,Friday,2,9:50 AM - 10:40 AM,AGCS - 21505,AGCS,Artificial Intelligence,CS-SJK,Sanjeev Kumar,,,Lecture,MB302,AGCS – 21505 | AI | CS-SJK
SCH-0127,5,5th Semester CS-2,B.Tech CSE,5th,Tuesday,3,10:40 AM - 11:30 AM,AGCS - 21503,AGCS,Programming in Java,CS-JS,Jaspreet Singh,,,Lecture,MB302,AGCS – 21503 | PIJ | CS-JS
SCH-0128,5,5th Semester CS-2,B.Tech CSE,5th,Wednesday,3,10:40 AM - 11:30 AM,AGCS - 21508,AGCS,Programming in Java Lab,CS-JS,Jaspreet Singh,G1,,Lab,R&S Lab,AGCS – 21508 PIJ Lab | G1 | CS-JS | R&S Lab
SCH-0129,5,5th Semester CS-2,B.Tech CSE,5th,Wednesday,3,10:40 AM - 11:30 AM,AGCS - 21509,AGCS,Artificial Intelligence Lab,CS-SJK,Sanjeev Kumar,G2,,Lab,MB302,AGCS – 21509 | AI Lab | G2 | CS-SJK | PL-I Lab
SCH-0130,5,5th Semester CS-2,B.Tech CSE,5th,Thursday,3,10:40 AM - 11:30 AM,AGCS - 21506,AGCS,Design and Analysis of Algorithms Lab,CS-TJS,Tejinder Sharma,G1,,Lab,BDA Lab,AGCS – 21506 | DAA Lab | G1 | CS-TJS | BDA Lab
SCH-0131,5,5th Semester CS-2,B.Tech CSE,5th,Thursday,3,10:40 AM - 11:30 AM,AGCS - 21508,AGCS,Programming in Java Lab,CS-JS,Jaspreet Singh,G2,,Lab,R&S Lab,AGCS – 21508 | PIJ Lab | G2 | CS-JS | R&S Lab
SCH-0132,5,5th Semester CS-2,B.Tech CSE,5th,Friday,3,10:40 AM - 11:30 AM,AGCS - 21503,AGCS,Programming in Java,CS-JS,Jaspreet Singh,,,Lecture,MB302,AGCS – 21503 | PIJ | CS-JS
SCH-0133,5,5th Semester CS-2,B.Tech CSE,5th,Tuesday,4,11:30 AM - 12:20 PM,AGCS - 21507,AGCS,Software Engineering Lab,CS-RPS,Ramanpreet Singh,G1,,Lab,PL-2 Lab,AGCS – 21507 | SE Lab | G1 | CS-RPS | PL-2 Lab
SCH-0134,5,5th Semester CS-2,B.Tech CSE,5th,Tuesday,4,11:30 AM - 12:20 PM,AGCS - 21506,AGCS,Design and Analysis of Algorithms Lab,CS-TJS,Tejinder Sharma,G2,,Lab,BDA Lab,AGCS – 21506 | DAA Lab | G2 | CS-TJS | BDA Lab
SCH-0135,5,5th Semester CS-2,B.Tech CSE,5th,Wednesday,4,11:30 AM - 12:20 PM,AGCS - 21503,AGCS,Programming in Java,CS-JS,Jaspreet Singh,,,Lecture,MB302,AGCS – 21503 | PIJ | CS-JS
SCH-0136,5,5th Semester CS-2,B.Tech CSE,5th,Thursday,4,11:30 AM - 12:20 PM,AGCS - 21505,AGCS,Artificial Intelligence,CS-SJK,Sanjeev Kumar,,,Lecture,MB302,AGCS – 21505 | AI | CS-SJK
SCH-0137,5,5th Semester CS-2,B.Tech CSE,5th,Friday,4,11:30 AM - 12:20 PM,AGCS - 21509,AGCS,Artificial Intelligence Lab,CS-SJK,Sanjeev Kumar,G1,,Lab,MB302,AGCS – 21509 | AI Lab | G1 | CS-SJK | PL-I Lab
SCH-0138,5,5th Semester CS-2,B.Tech CSE,5th,Friday,4,11:30 AM - 12:20 PM,AGCS - 21507,AGCS,Software Engineering Lab,CS-RPS,Ramanpreet Singh,G2,,Lab,PL-2 Lab,AGCS – 21507 | SE Lab | G2 | CS-RPS | PL-2 Lab
SCH-0139,5,5th Semester CS-2,B.Tech CSE,5th,Tuesday,5,12:20 PM - 1:10 PM,AGCS - 21507,AGCS,Software Engineering Lab,CS-RPS,Ramanpreet Singh,G1,,Lab,PL-2 Lab,AGCS – 21507 | SE Lab | G1 | CS-RPS | PL-2 Lab
SCH-0140,5,5th Semester CS-2,B.Tech CSE,5th,Tuesday,5,12:20 PM - 1:10 PM,AGCS - 21506,AGCS,Design and Analysis of Algorithms Lab,CS-TJS,Tejinder Sharma,G2,,Lab,BDA Lab,AGCS – 21506 | DAA Lab | G2 | CS-TJS | BDA Lab
SCH-0141,5,5th Semester CS-2,B.Tech CSE,5th,Wednesday,5,12:20 PM - 1:10 PM,AGCS - 21505,AGCS,Artificial Intelligence,CS-SJK,Sanjeev Kumar,,,Lecture,MB302,AGCS – 21505 | AI | CS-SJK
SCH-0142,5,5th Semester CS-2,B.Tech CSE,5th,Thursday,5,12:20 PM - 1:10 PM,AGCS - 21501,AGCS,Design and Analysis of Algorithms,CS-TJS,Tejinder Sharma,,,Lecture,MB302,AGCS – 21501 | DAA | CS-TJS
SCH-0143,5,5th Semester CS-2,B.Tech CSE,5th,Friday,5,12:20 PM - 1:10 PM,AGCS - 21509,AGCS,Artificial Intelligence Lab,CS-SJK,Sanjeev Kumar,G1,,Lab,MB302,AGCS – 21509 | AI Lab | G1 | CS-SJK | PL-I Lab
SCH-0144,5,5th Semester CS-2,B.Tech CSE,5th,Friday,5,12:20 PM - 1:10 PM,AGCS - 21507,AGCS,Software Engineering Lab,CS-RPS,Ramanpreet Singh,G2,,Lab,PL-2 Lab,AGCS – 21507 | SE Lab | G2 | CS-RPS | PL-2 Lab
SCH-0145,5,5th Semester CS-2,B.Tech CSE,5th,Tuesday,7,2:00 PM - 2:50 PM,AGAP - 21502,AGAP,Engineering Aptitude - II,AS-JK,Jatinder Kaur,G1,,Tutorial,MB-302,AGAP – 21502 | EA-II(T) G1 | AS-JK | MB-302
SCH-0146,5,5th Semester CS-2,B.Tech CSE,5th,Tuesday,7,2:00 PM - 2:50 PM,AGCS - 21501,AGCS,Design and Analysis of Algorithms,CS-TJS,Tejinder Sharma,G2,,Lab,PL-1 Lab,AGCS – 21501 | DAA(T) G2 | CS-TJS | PL-1 Lab
SCH-0147,5,5th Semester CS-2,B.Tech CSE,5th,Wednesday,7,2:00 PM - 2:50 PM,AGCS - 21502,AGCS-21502,Software Engineering (NPTEL),CS-VD,Veenum Devi,,,Lecture,MB302,AGCS-21502 | SE NPTEL | CS-VD
SCH-0148,5,5th Semester CS-2,B.Tech CSE,5th,Thursday,7,2:00 PM - 2:50 PM,AGCS - 21501,AGCS,Design and Analysis of Algorithms,CS-TJS,Tejinder Sharma,G1,,Tutorial,MB-302,AGCS – 21501 | DAA(T) G1 | CS-TJS | MB-302
SCH-0149,5,5th Semester CS-2,B.Tech CSE,5th,Thursday,7,2:00 PM - 2:50 PM,AGAP - 21502,AGAP,Engineering Aptitude - II,AS-JK,Jatinder Kaur,G2,,Tutorial,MB-313,AGAP – 21502 | EA-II(T) G2 | AS-JK | MB-313
SCH-0150,5,5th Semester CS-2,B.Tech CSE,5th,Friday,7,2:00 PM - 2:50 PM,AGCS - 21501,AGCS,Design and Analysis of Algorithms,CS-TJS,Tejinder Sharma,,,Lecture,e-Classroom,AGCS – 21501 | DAA | CS-TJS (e-Classroom)
SCH-0151,5,5th Semester CS-2,B.Tech CSE,5th,Tuesday,8,2:50 PM - 3:40 PM,AGCS - 21502,AGCS-21502,Software Engineering (NPTEL),CS-VD,Veenum Devi,,,Lecture,MB302,AGCS-21502 | SE NPTEL | CS-VD
SCH-0152,5,5th Semester CS-2,B.Tech CSE,5th,Wednesday,8,2:50 PM - 3:40 PM,AGCS - 21504A,AGCS-21504A,Professional Elective Course-1 (PEC-1) TOC (NPTEL),CS-PS,Pavitar Singh,,,Lecture,MB302,AGCS-21504A | PEC-1 TOC NPTEL | CS-PS
SCH-0153,5,5th Semester CS-2,B.Tech CSE,5th,Thursday,8,2:50 PM - 3:40 PM,AGCS - 21502,AGCS-21502,Software Engineering (NPTEL),CS-VD,Veenum Devi,,,Lecture,MB302,AGCS-21502 | SE NPTEL | CS-VD
SCH-0154,5,5th Semester CS-2,B.Tech CSE,5th,Friday,8,2:50 PM - 3:40 PM,AGCS - 21504A,AGCS-21504A,Professional Elective Course-1 (PEC-1) TOC (NPTEL),CS-PS,Pavitar Singh,,,Lecture,MB302,AGCS-21504A | PEC-1 TOC NPTEL | CS-PS
SCH-0155,6,5th Semester CS-3,B.Tech CSE,5th,Tuesday,1,9:00 AM - 9:50 AM,AGCS - 21504A,AGCS-21504A,Professional Elective Course-1 (PEC-1) TOC (NPTEL),CS-CS,Chaitali Sood,,,Lecture,MB-303,AGCS-21504A | PEC-1 TOC NPTEL | CS-CS
SCH-0156,6,5th Semester CS-3,B.Tech CSE,5th,Monday,2,9:50 AM - 10:40 AM,AGCS - 21501,AGCS,Design and Analysis of Algorithms,CS-SA,Shagun Arora,G1,,Tutorial,MB-303,AGCS – 21501 DAA(T) G1 | CS-SA | MB-303
SCH-0157,6,5th Semester CS-3,B.Tech CSE,5th,Monday,2,9:50 AM - 10:40 AM,AGAP - 21502,AGAP,Engineering Aptitude - II,AS-SK,Shama Kundra,G2,,Tutorial,MB-313,AGAP – 21502 EA-II (T) G2 | AS-SK | MB-313
SCH-0158,6,5th Semester CS-3,B.Tech CSE,5th,Tuesday,2,9:50 AM - 10:40 AM,AGCS - 21508,AGCS,Programming in Java Lab,CS-GK,Goutam Kumar,G1,,Lab,R&S Lab,AGCS – 21508 | PIJ Lab | G1 | CS-GK | R&S Lab
SCH-0159,6,5th Semester CS-3,B.Tech CSE,5th,Tuesday,2,9:50 AM - 10:40 AM,AGCS - 21509,AGCS,Artificial Intelligence Lab,CS-GKG,Gagandeep Kaur Gill,G2,,Lab,PL-1 Lab,AGCS – 21509 | AI Lab | G2 | CS-GKG | PL-1 Lab
SCH-0160,6,5th Semester CS-3,B.Tech CSE,5th,Wednesday,2,9:50 AM - 10:40 AM,AGCS - 21505,AGCS,Artificial Intelligence,CS-GKG,Gagandeep Kaur Gill,,,Lecture,MB-303,AGCS – 21505 | AI | CS-GKG
SCH-0161,6,5th Semester CS-3,B.Tech CSE,5th,Thursday,2,9:50 AM - 10:40 AM,AGCS - 21501,AGCS,Design and Analysis of Algorithms,CS-SA,Shagun Arora,,,Lecture,MB-303,AGCS – 21501 | DAA | CS-SA
SCH-0162,6,5th Semester CS-3,B.Tech CSE,5th,Monday,3,10:40 AM - 11:30 AM,AGCS - 21505,AGCS,Artificial Intelligence,CS-GKG,Gagandeep Kaur Gill,,,Lecture,MB-303,AGCS – 21505 | AI | CS-GKG
SCH-0163,6,5th Semester CS-3,B.Tech CSE,5th,Tuesday,3,10:40 AM - 11:30 AM,AGCS - 21508,AGCS,Programming in Java Lab,CS-GK,Goutam Kumar,G1,,Lab,R&S Lab,AGCS – 21508 | PIJ Lab | G1 | CS-GK | R&S Lab
SCH-0164,6,5th Semester CS-3,B.Tech CSE,5th,Tuesday,3,10:40 AM - 11:30 AM,AGCS - 21509,AGCS,Artificial Intelligence Lab,CS-GKG,Gagandeep Kaur Gill,G2,,Lab,PL-1 Lab,AGCS – 21509 | AI Lab | G2 | CS-GKG | PL-1 Lab
SCH-0165,6,5th Semester CS-3,B.Tech CSE,5th,Wednesday,3,10:40 AM - 11:30 AM,AGCS - 21503,AGCS,Programming in Java,CS-GK,Goutam Kumar,,,Lecture,MB-303,AGCS – 21503 | PIJ | CS-GK
SCH-0166,6,5th Semester CS-3,B.Tech CSE,5th,Thursday,3,10:40 AM - 11:30 AM,AGCS - 21504A,AGCS-21504A,Professional Elective Course-1 (PEC-1) TOC (NPTEL),CS-CS,Chaitali Sood,,,Lecture,MB-303,AGCS-21504A | PEC-1 TOC NPTEL | CS-CS
SCH-0167,6,5th Semester CS-3,B.Tech CSE,5th,Monday,4,11:30 AM - 12:20 PM,AGCS - 21506,AGCS,Design and Analysis of Algorithms Lab,CS-SA,Shagun Arora,G1,,Lab,BDA Lab,AGCS – 21506 | DAA Lab | G1 | CS-SA | BDA Lab
SCH-0168,6,5th Semester CS-3,B.Tech CSE,5th,Monday,4,11:30 AM - 12:20 PM,AGCS - 21508,AGCS,Programming in Java Lab,CS-GK,Goutam Kumar,G2,,Lab,R&S Lab,AGCS – 21508 | PIJ Lab | G2 | CS-GK | R&S Lab
SCH-0169,6,5th Semester CS-3,B.Tech CSE,5th,Tuesday,4,11:30 AM - 12:20 PM,AGCS - 21503,AGCS,Programming in Java,CS-GK,Goutam Kumar,,,Lecture,MB-303,AGCS – 21503 | PIJ | CS-GK
SCH-0170,6,5th Semester CS-3,B.Tech CSE,5th,Wednesday,4,11:30 AM - 12:20 PM,AGCS - 21507,AGCS,Software Engineering Lab,CS-SJ,Shweta Joshi,G1,,Lab,PL-2 Lab,AGCS – 21507 | SE Lab | G1 | CS-SJ | PL-2 Lab
SCH-0171,6,5th Semester CS-3,B.Tech CSE,5th,Wednesday,4,11:30 AM - 12:20 PM,AGCS - 21506,AGCS,Design and Analysis of Algorithms Lab,CS-SA,Shagun Arora,G2,,Lab,BDA Lab,AGCS – 21506 | DAA Lab | G2 | CS-SA | BDA Lab
SCH-0172,6,5th Semester CS-3,B.Tech CSE,5th,Thursday,4,11:30 AM - 12:20 PM,AGCS - 21509,AGCS,Artificial Intelligence Lab,CS-GKG,Gagandeep Kaur Gill,G1,,Lab,R&S Lab,AGCS – 21509 | AI Lab | G1 | CS-GKG | R&S Lab
SCH-0173,6,5th Semester CS-3,B.Tech CSE,5th,Thursday,4,11:30 AM - 12:20 PM,AGCS - 21507,AGCS,Software Engineering Lab,CS-SJ,Shweta Joshi,G2,,Lab,PL-2 Lab,AGCS – 21507 | SE Lab | G2 | CS-SJ | PL-2 Lab
SCH-0174,6,5th Semester CS-3,B.Tech CSE,5th,Monday,5,12:20 PM - 1:10 PM,AGCS - 21506,AGCS,Design and Analysis of Algorithms Lab,CS-SA,Shagun Arora,G1,,Lab,BDA Lab,AGCS – 21506 | DAA Lab | G1 | CS-SA | BDA Lab
SCH-0175,6,5th Semester CS-3,B.Tech CSE,5th,Monday,5,12:20 PM - 1:10 PM,AGCS - 21508,AGCS,Programming in Java Lab,CS-GK,Goutam Kumar,G2,,Lab,R&S Lab,AGCS – 21508 | PIJ Lab | G2 | CS-GK | R&S Lab
SCH-0176,6,5th Semester CS-3,B.Tech CSE,5th,Tuesday,5,12:20 PM - 1:10 PM,AGCS - 21505,AGCS,Artificial Intelligence,CS-GKG,Gagandeep Kaur Gill,,,Lecture,MB-303,AGCS – 21505 | AI | CS-GKG
SCH-0177,6,5th Semester CS-3,B.Tech CSE,5th,Wednesday,5,12:20 PM - 1:10 PM,AGCS - 21507,AGCS,Software Engineering Lab,CS-SJ,Shweta Joshi,G1,,Lab,PL-2 Lab,AGCS – 21507 | SE Lab | G1 | CS-SJ | PL-2 Lab
SCH-0178,6,5th Semester CS-3,B.Tech CSE,5th,Wednesday,5,12:20 PM - 1:10 PM,AGCS - 21506,AGCS,Design and Analysis of Algorithms Lab,CS-SA,Shagun Arora,G2,,Lab,BDA Lab,AGCS – 21506 | DAA Lab | G2 | CS-SA | BDA Lab
SCH-0179,6,5th Semester CS-3,B.Tech CSE,5th,Thursday,5,12:20 PM - 1:10 PM,AGCS - 21509,AGCS,Artificial Intelligence Lab,CS-GKG,Gagandeep Kaur Gill,G1,,Lab,R&S Lab,AGCS – 21509 | AI Lab | G1 | CS-GKG | R&S Lab
SCH-0180,6,5th Semester CS-3,B.Tech CSE,5th,Thursday,5,12:20 PM - 1:10 PM,AGCS - 21507,AGCS,Software Engineering Lab,CS-SJ,Shweta Joshi,G2,,Lab,PL-2 Lab,AGCS – 21507 | SE Lab | G2 | CS-SJ | PL-2 Lab
SCH-0181,6,5th Semester CS-3,B.Tech CSE,5th,Monday,7,2:00 PM - 2:50 PM,AGCS - 21501,AGCS,Design and Analysis of Algorithms,CS-SA,Shagun Arora,,,Lecture,MB-303,AGCS – 21501 | DAA | CS-SA
SCH-0182,6,5th Semester CS-3,B.Tech CSE,5th,Tuesday,7,2:00 PM - 2:50 PM,AGCS - 21501,AGCS,Design and Analysis of Algorithms,CS-SA,Shagun Arora,,,Lecture,MB-303,AGCS – 21501 | DAA | CS-SA
SCH-0183,6,5th Semester CS-3,B.Tech CSE,5th,Wednesday,7,2:00 PM - 2:50 PM,AGAP - 21502,AGAP,Engineering Aptitude - II,AS-SK,Shama Kundra,G1,,Tutorial,MB-313,AGAP – 21502 EA-II(T) G1 | AS-SK | MB-313
SCH-0184,6,5th Semester CS-3,B.Tech CSE,5th,Wednesday,7,2:00 PM - 2:50 PM,AGCS - 21501,AGCS,Design and Analysis of Algorithms,CS-SA,Shagun Arora,G2,,Tutorial,MB-303,AGCS – 21501 DAA(T) G2 | CS-SA | MB-303
SCH-0185,6,5th Semester CS-3,B.Tech CSE,5th,Thursday,7,2:00 PM - 2:50 PM,AGCS - 21503,AGCS,Programming in Java,CS-GK,Goutam Kumar,,,Lecture,MB-303,AGCS – 21503 | PIJ | CS-GK
SCH-0186,6,5th Semester CS-3,B.Tech CSE,5th,Monday,8,2:50 PM - 3:40 PM,AGCS - 21504A,AGCS-21504A,Professional Elective Course-1 (PEC-1) TOC (NPTEL),CS-CS,Chaitali Sood,,,Lecture,MB-303,AGCS-21504A | PEC-1 TOC NPTEL | CS-CS
SCH-0187,6,5th Semester CS-3,B.Tech CSE,5th,Tuesday,8,2:50 PM - 3:40 PM,AGCS - 21502,AGCS-21502,Software Engineering (NPTEL),CS-GK,Goutam Kumar,,,Lecture,MB-303,AGCS-21502 | SE NPTEL | CS-GK
SCH-0188,6,5th Semester CS-3,B.Tech CSE,5th,Wednesday,8,2:50 PM - 3:40 PM,AGCS - 21502,AGCS-21502,Software Engineering (NPTEL),CS-GK,Goutam Kumar,,,Lecture,MB-303,AGCS-21502 | SE NPTEL | CS-GK
SCH-0189,6,5th Semester CS-3,B.Tech CSE,5th,Thursday,8,2:50 PM - 3:40 PM,AGCS - 21502,AGCS-21502,Software Engineering (NPTEL),CS-GK,Goutam Kumar,,,Lecture,MB-303,AGCS-21502 | SE NPTEL | CS-GK
SCH-0190,7,5th Semester CoE,B.Tech CoE,5th,Monday,1,9:00 AM - 9:50 AM,AGCS - 21508,AGCS,Programming in Java Lab,CS-GK,Goutam Kumar,G1,,Lab,R&S Lab,AGCS – 21508 | PIJ Lab | G1 | CS-GK | R&S Lab
SCH-0191,7,5th Semester CoE,B.Tech CoE,5th,Monday,1,9:00 AM - 9:50 AM,AGCS - 21509,AGCS,Artificial Intelligence Lab,CS-JS,Jaspreet Singh,G2,,Lab,PL-1 Lab,AGCS – 21509 | AI Lab | G2 | CS-JS | PL-1 Lab
SCH-0192,7,5th Semester CoE,B.Tech CoE,5th,Tuesday,1,9:00 AM - 9:50 AM,AGCS - 21505,AGCS,Artificial Intelligence,CS-JS,Jaspreet Singh,,,Lecture,e-Classroom,AGCS – 21505 | AI | CS-JS
SCH-0193,7,5th Semester CoE,B.Tech CoE,5th,Wednesday,1,9:00 AM - 9:50 AM,AGCS - 21501,AGCS,Design and Analysis of Algorithms,CS-SJ,Shweta Joshi,G1,,Tutorial,e-Classroom,AGCS – 21501 | DAA(T) G1 | CS-SJ | e-class
SCH-0194,7,5th Semester CoE,B.Tech CoE,5th,Wednesday,1,9:00 AM - 9:50 AM,AGAP - 21502,AGAP-21502,Engineering Aptitude - II,AS-JK,Jatinder Kaur,G2,,Tutorial,MB-313,AGAP-21502 | EA-II(T) G2 | AS-JK | MB-313
SCH-0195,7,5th Semester CoE,B.Tech CoE,5th,Thursday,1,9:00 AM - 9:50 AM,AGCS - 21505,AGCS,Artificial Intelligence,CS-JS,Jaspreet Singh,,,Lecture,e-Classroom,AGCS – 21505 | AI | CS-JS
SCH-0196,7,5th Semester CoE,B.Tech CoE,5th,Friday,1,9:00 AM - 9:50 AM,AGCS - 21502,AGCS-21502,Software Engineering (NPTEL),CS-SJK,Sanjeev Kumar,,,Lecture,e-Classroom,AGCS-21502 | SE NPTEL | CS-SJK
SCH-0197,7,5th Semester CoE,B.Tech CoE,5th,Monday,2,9:50 AM - 10:40 AM,AGCS - 21508,AGCS,Programming in Java Lab,CS-GK,Goutam Kumar,G1,,Lab,R&S Lab,AGCS – 21508 | PIJ Lab | G1 | CS-GK | R&S Lab
SCH-0198,7,5th Semester CoE,B.Tech CoE,5th,Monday,2,9:50 AM - 10:40 AM,AGCS - 21509,AGCS,Artificial Intelligence Lab,CS-JS,Jaspreet Singh,G2,,Lab,PL-1 Lab,AGCS – 21509 | AI Lab | G2 | CS-JS | PL-1 Lab
SCH-0199,7,5th Semester CoE,B.Tech CoE,5th,Tuesday,2,9:50 AM - 10:40 AM,AGCS - 21503,AGCS,Programming in Java,CS-HOD,Sandeep Kad,,,Lecture,e-Classroom,AGCS – 21503 | PIJ | CS-HOD
SCH-0200,7,5th Semester CoE,B.Tech CoE,5th,Wednesday,2,9:50 AM - 10:40 AM,AGCS - 21503,AGCS,Programming in Java,CS-HOD,Sandeep Kad,,,Lecture,e-Classroom,AGCS – 21503 | PIJ | CS-HOD
SCH-0201,7,5th Semester CoE,B.Tech CoE,5th,Thursday,2,9:50 AM - 10:40 AM,AGCS - 21503,AGCS,Programming in Java,CS-HOD,Sandeep Kad,,,Lecture,e-Classroom,AGCS – 21503 | PIJ | CS-HOD
SCH-0202,7,5th Semester CoE,B.Tech CoE,5th,Friday,2,9:50 AM - 10:40 AM,AGCoE - 21504A,AGCoE-21504A,Professional Elective Course-1 (PEC-1) TOC (NPTEL),CS-SJ,Shweta Joshi,,,Lecture,e-Classroom,AGCoE-21504A | PEC-1 TOC NPTEL | CS-SJ
SCH-0203,7,5th Semester CoE,B.Tech CoE,5th,Monday,3,10:40 AM - 11:30 AM,AGAP - 21502,AGAP-21502,Engineering Aptitude - II,AS-JK,Jatinder Kaur,G1,,Tutorial,MB-313,AGAP-21502 | EA-II(T) G1 | AS-JK MB-313
SCH-0204,7,5th Semester CoE,B.Tech CoE,5th,Monday,3,10:40 AM - 11:30 AM,AGCS - 21501,AGCS,Design and Analysis of Algorithms,CS-SJ,Shweta Joshi,G2,,Tutorial,e-Classroom,AGCS – 21501 | DAA(T) G2 | CS-SJ e-class
SCH-0205,7,5th Semester CoE,B.Tech CoE,5th,Tuesday,3,10:40 AM - 11:30 AM,AGCS - 21501,AGCS,Design and Analysis of Algorithms,CS-SJ,Shweta Joshi,,,Lecture,e-Classroom,AGCS – 21501 | DAA | CS-SJ
SCH-0206,7,5th Semester CoE,B.Tech CoE,5th,Wednesday,3,10:40 AM - 11:30 AM,AGCS - 21501,AGCS,Design and Analysis of Algorithms,CS-SJ,Shweta Joshi,,,Lecture,e-Classroom,AGCS – 21501 | DAA | CS-SJ
SCH-0207,7,5th Semester CoE,B.Tech CoE,5th,Thursday,3,10:40 AM - 11:30 AM,AGCS - 21501,AGCS,Design and Analysis of Algorithms,CS-SJ,Shweta Joshi,,,Lecture,e-Classroom,AGCS – 21501 | DAA | CS-SJ
SCH-0208,7,5th Semester CoE,B.Tech CoE,5th,Friday,3,10:40 AM - 11:30 AM,AGCS - 21502,AGCS-21502,Software Engineering (NPTEL),CS-SJK,Sanjeev Kumar,,,Lecture,e-Classroom,AGCS-21502 | SE NPTEL | CS-SJK
SCH-0209,7,5th Semester CoE,B.Tech CoE,5th,Monday,4,11:30 AM - 12:20 PM,AGCS - 21505,AGCS,Artificial Intelligence,CS-JS,Jaspreet Singh,,,Lecture,e-Classroom,AGCS – 21505 | AI | CS-JS
SCH-0210,7,5th Semester CoE,B.Tech CoE,5th,Tuesday,4,11:30 AM - 12:20 PM,,,AIML Module,,,,,Lab,PL-3 Lab,AIML Module | PL-3 Lab | (e-class)
SCH-0211,7,5th Semester CoE,B.Tech CoE,5th,Wednesday,4,11:30 AM - 12:20 PM,,,AIML Module,,,,,Lab,PL-3 Lab,AIML Module | PL-3 Lab | (e-class)
SCH-0212,7,5th Semester CoE,B.Tech CoE,5th,Thursday,4,11:30 AM - 12:20 PM,,,AIML Module,,,,,Lab,PL-3 Lab,AIML Module | PL-3 Lab | (e-class)
SCH-0213,7,5th Semester CoE,B.Tech CoE,5th,Monday,5,12:20 PM - 1:10 PM,AGCoE - 21504A,AGCoE-21504A,Professional Elective Course-1 (PEC-1) TOC (NPTEL),CS-SJ,Shweta Joshi,,,Lecture,e-Classroom,AGCoE-21504A | PEC-1 TOC NPTEL | CS-SJ
SCH-0214,7,5th Semester CoE,B.Tech CoE,5th,Tuesday,5,12:20 PM - 1:10 PM,,,AIML Module,,,,,Lab,PL-3 Lab,AIML Module | PL-3 Lab | (e-class)
SCH-0215,7,5th Semester CoE,B.Tech CoE,5th,Wednesday,5,12:20 PM - 1:10 PM,,,AIML Module,,,,,Lab,PL-3 Lab,AIML Module | PL-3 Lab | (e-class)
SCH-0216,7,5th Semester CoE,B.Tech CoE,5th,Thursday,5,12:20 PM - 1:10 PM,,,AIML Module,,,,,Lab,PL-3 Lab,AIML Module | PL-3 Lab | (e-class)
SCH-0217,7,5th Semester CoE,B.Tech CoE,5th,Monday,7,2:00 PM - 2:50 PM,AGCS - 21502,AGCS-21502,Software Engineering (NPTEL),CS-SJK,Sanjeev Kumar,,,Lecture,e-Classroom,AGCS-21502 | SE NPTEL | CS-SJK
SCH-0218,7,5th Semester CoE,B.Tech CoE,5th,Tuesday,7,2:00 PM - 2:50 PM,AGCS - 21507,AGCS,Software Engineering Lab,CS-SJK,Sanjeev Kumar,G1,,Lab,PL-2 Lab,AGCS – 21507 | SE Lab | G1 | CS-SJK | PL-2 Lab
SCH-0219,7,5th Semester CoE,B.Tech CoE,5th,Tuesday,7,2:00 PM - 2:50 PM,AGCS - 21506,AGCS,Design and Analysis of Algorithms Lab,CS-SJ,Shweta Joshi,G2,,Lab,BDA Lab,AGCS – 21506 | DAA Lab | G2 | CS-SJ | BDA Lab
SCH-0220,7,5th Semester CoE,B.Tech CoE,5th,Wednesday,7,2:00 PM - 2:50 PM,AGCS - 21506,AGCS,Design and Analysis of Algorithms Lab,CS-SJ,Shweta Joshi,G1,,Lab,BDA Lab,AGCS – 21506 | DAA Lab | G1 | CS-SJ | BDA Lab
SCH-0221,7,5th Semester CoE,B.Tech CoE,5th,Wednesday,7,2:00 PM - 2:50 PM,AGCS - 21508,AGCS,Programming in Java Lab,CS-GK,Goutam Kumar,G2,,Lab,R&S Lab,AGCS – 21508 | PIJ Lab | G2 | CS-GK | R&S Lab
SCH-0222,7,5th Semester CoE,B.Tech CoE,5th,Thursday,7,2:00 PM - 2:50 PM,AGCS - 21509,AGCS,Artificial Intelligence Lab,CS-JS,Jaspreet Singh,G1,,Lab,PL-1 Lab,AGCS – 21509 | AI Lab | G1 | CS-JS | PL-1 Lab
SCH-0223,7,5th Semester CoE,B.Tech CoE,5th,Thursday,7,2:00 PM - 2:50 PM,AGCS - 21507,AGCS,Software Engineering Lab,CS-SJK,Sanjeev Kumar,G2,,Lab,PL-2 Lab,AGCS – 21507 | SE Lab | G2 | CS-SJK | PL-2 Lab
SCH-0224,7,5th Semester CoE,B.Tech CoE,5th,Monday,8,2:50 PM - 3:40 PM,AGCoE - 21504A,AGCoE-21504A,Professional Elective Course-1 (PEC-1) TOC (NPTEL),CS-SJ,Shweta Joshi,,,Lecture,e-Classroom,AGCoE-21504A | PEC-1 TOC NPTEL | CS-SJ
SCH-0225,7,5th Semester CoE,B.Tech CoE,5th,Tuesday,8,2:50 PM - 3:40 PM,AGCS - 21507,AGCS,Software Engineering Lab,CS-SJK,Sanjeev Kumar,G1,,Lab,PL-2 Lab,AGCS – 21507 | SE Lab | G1 | CS-SJK | PL-2 Lab
SCH-0226,7,5th Semester CoE,B.Tech CoE,5th,Tuesday,8,2:50 PM - 3:40 PM,AGCS - 21506,AGCS,Design and Analysis of Algorithms Lab,CS-SJ,Shweta Joshi,G2,,Lab,BDA Lab,AGCS – 21506 | DAA Lab | G2 | CS-SJ | BDA Lab
SCH-0227,7,5th Semester CoE,B.Tech CoE,5th,Wednesday,8,2:50 PM - 3:40 PM,AGCS - 21506,AGCS,Design and Analysis of Algorithms Lab,CS-SJ,Shweta Joshi,G1,,Lab,BDA Lab,AGCS – 21506 | DAA Lab | G1 | CS-SJ | BDA Lab
SCH-0228,7,5th Semester CoE,B.Tech CoE,5th,Wednesday,8,2:50 PM - 3:40 PM,AGCS - 21508,AGCS,Programming in Java Lab,CS-GK,Goutam Kumar,G2,,Lab,R&S Lab,AGCS – 21508 | PIJ Lab | G2 | CS-GK | R&S Lab
SCH-0229,7,5th Semester CoE,B.Tech CoE,5th,Thursday,8,2:50 PM - 3:40 PM,AGCS - 21509,AGCS,Artificial Intelligence Lab,CS-JS,Jaspreet Singh,G1,,Lab,PL-1 Lab,AGCS – 21509 | AI Lab | G1 | CS-JS | PL-1 Lab
SCH-0230,7,5th Semester CoE,B.Tech CoE,5th,Thursday,8,2:50 PM - 3:40 PM,AGCS - 21507,AGCS,Software Engineering Lab,CS-SJK,Sanjeev Kumar,G2,,Lab,PL-2 Lab,AGCS – 21507 | SE Lab | G2 | CS-SJK | PL-2 Lab
SCH-0231,8,7th Semester CS-3,B.Tech CSE,7th,Tuesday,2,9:50 AM - 10:40 AM,AGCS – 21702X | A/B/C,AGCS-21702X,Professional Elective Course-3 (PEC-3) ST/DL/CV,CS-JS,Jaspreet Singh,,,Lecture,MB-302,AGCS-21702X | PEC-3 NPTEL A. ST/B.DL/C.CV | CS-JS MB-302
SCH-0232,8,7th Semester CS-3,B.Tech CSE,7th,Wednesday,2,9:50 AM - 10:40 AM,AGCS - 21701,AGCS-21701,Data Science,CS-GS,Gaurav Sharma,,,Lecture,MB-302,AGCS-21701 | DSc CS-GS | MB-302
SCH-0233,8,7th Semester CS-3,B.Tech CSE,7th,Thursday,2,9:50 AM - 10:40 AM,AGCS - 21703,AGCS-21703,Data Science Lab,CS-GS,Gaurav Sharma,G1,,Lab,PL-4 Lab,AGCS-21703 | DSc Lab | G1 | CS-GS | PL-4 Lab
SCH-0234,8,7th Semester CS-3,B.Tech CSE,7th,Thursday,2,9:50 AM - 10:40 AM,AGCS - 21704,AGCS-21704,Major Project Lab,CS-BK,Bhuvnesh Kumar,G2,,Lab,DB Lab,AGCS-21704 | Major Project Lab | G2 | CS-BK | DB Lab
SCH-0235,8,7th Semester CS-3,B.Tech CSE,7th,Friday,2,9:50 AM - 10:40 AM,AGCS - 21704,AGCS-21704,Major Project Lab,CS-TJS,Tejinder Sharma,G1,,Lab,DB Lab,AGCS-21704 | Major Project Lab G1 | CS-TJS | DB Lab
SCH-0236,8,7th Semester CS-3,B.Tech CSE,7th,Friday,2,9:50 AM - 10:40 AM,AGCS - 21703,AGCS-21703,Data Science Lab,CS-GS,Gaurav Sharma,G2,,Lab,PL-4 Lab,AGCS-21703 | DSc Lab | G2 | CS-GS | PL-4 Lab
SCH-0237,8,7th Semester CS-3,B.Tech CSE,7th,Tuesday,3,10:40 AM - 11:30 AM,AGCS – 21702Y | F/G/H,AGCS-21702Y,Professional Elective Course-4 (PEC-4) | IOT/SNA/RL,CS-TJS,Tejinder Sharma,,,Lecture,MB-302,AGCS-21702Y | PEC-4 NPTEL F.IOT/G.SNA/H. RL | CS-TJS MB-302
SCH-0238,8,7th Semester CS-3,B.Tech CSE,7th,Wednesday,3,10:40 AM - 11:30 AM,AGOE - 21709,AGOE - 21709,Management of Human Resources,MS-AK,,,,Lecture,MB-302,AGOE-21709 | MHR MS-AK | MB-302
SCH-0239,8,7th Semester CS-3,B.Tech CSE,7th,Thursday,3,10:40 AM - 11:30 AM,AGCS - 21703,AGCS-21703,Data Science Lab,CS-GS,Gaurav Sharma,G1,,Lab,PL-4 Lab,AGCS-21703 | DSc Lab | G1 | CS-GS | PL-4 Lab
SCH-0240,8,7th Semester CS-3,B.Tech CSE,7th,Thursday,3,10:40 AM - 11:30 AM,AGCS - 21704,AGCS-21704,Major Project Lab,CS-BK,Bhuvnesh Kumar,G2,,Lab,DB Lab,AGCS-21704 | Major Project Lab | G2 | CS-BK | DB Lab
SCH-0241,8,7th Semester CS-3,B.Tech CSE,7th,Friday,3,10:40 AM - 11:30 AM,AGCS - 21704,AGCS-21704,Major Project Lab,CS-TJS,Tejinder Sharma,G1,,Lab,DB Lab,AGCS-21704 | Major Project Lab G1 | CS-TJS | DB Lab
SCH-0242,8,7th Semester CS-3,B.Tech CSE,7th,Friday,3,10:40 AM - 11:30 AM,AGCS - 21703,AGCS-21703,Data Science Lab,CS-GS,Gaurav Sharma,G2,,Lab,PL-4 Lab,AGCS-21703 | DSc Lab | G2 | CS-GS | PL-4 Lab
SCH-0243,8,7th Semester CS-3,B.Tech CSE,7th,Wednesday,4,11:30 AM - 12:20 PM,AGCS - 21701,AGCS-21701,Data Science,CS-GS,Gaurav Sharma,G1,,Tutorial,MB-304,AGCS-21701 | DSc(T) G1 CS-GS | MB-304
SCH-0244,8,7th Semester CS-3,B.Tech CSE,7th,Thursday,4,11:30 AM - 12:20 PM,AGOE - 21709,AGOE - 21709,Management of Human Resources,MS-AK,,,,Lecture,MB302 / MB304,AGOE-21709 | MHR MS-AK | MB304
SCH-0245,8,7th Semester CS-3,B.Tech CSE,7th,Friday,4,11:30 AM - 12:20 PM,AGOE - 21709,AGOE - 21709,Management of Human Resources,MS-AK,,,,Lecture,MB302 / MB304,AGOE-21709 | MHR MS-AK | MB304
SCH-0246,8,7th Semester CS-3,B.Tech CSE,7th,Wednesday,5,12:20 PM - 1:10 PM,AGCS - 21701,AGCS-21701,Data Science,CS-GS,Gaurav Sharma,G2,,Tutorial,MB-304,AGCS-21701 | DSc(T) G2 CS-GS | MB-304
SCH-0247,8,7th Semester CS-3,B.Tech CSE,7th,Thursday,5,12:20 PM - 1:10 PM,AGCS - 21701,AGCS-21701,Data Science,CS-GS,Gaurav Sharma,,,Lecture,MB-304,AGCS-21701 | DSc CS-GS | MB-304
SCH-0248,8,7th Semester CS-3,B.Tech CSE,7th,Friday,5,12:20 PM - 1:10 PM,AGCS - 21701,AGCS-21701,Data Science,CS-GS,Gaurav Sharma,,,Lecture,MB-304,AGCS-21701 | DSc CS-GS | MB-304
SCH-0249,8,7th Semester CS-3,B.Tech CSE,7th,Wednesday,7,2:00 PM - 2:50 PM,AGCS - 21704,AGCS-21704,Major Project Lab,CS-TJS,Tejinder Sharma,G1,,Lab,DB Lab,AGCS-21704 | Major Project Lab G1 | CS-TJS | DB Lab
SCH-0250,8,7th Semester CS-3,B.Tech CSE,7th,Wednesday,7,2:00 PM - 2:50 PM,AGCS - 21704,AGCS-21704,Major Project Lab,CS-BK,Bhuvnesh Kumar,G2,,Lab,PL-1 Lab,AGCS-21704 | Major Project | Lab G2 | CS-BK | PL-1 Lab
SCH-0251,8,7th Semester CS-3,B.Tech CSE,7th,Thursday,7,2:00 PM - 2:50 PM,AGCS – 21702X | A/B/C,AGCS-21702X,Professional Elective Course-3 (PEC-3) ST/DL/CV,CS-JS,Jaspreet Singh,,,Lecture,MB-304,AGCS-21702X | PEC-3 NPTEL A. ST/B.DL/C.CV | CS-JS MB-304
SCH-0252,8,7th Semester CS-3,B.Tech CSE,7th,Friday,7,2:00 PM - 2:50 PM,AGCS – 21702X | A/B/C,AGCS-21702X,Professional Elective Course-3 (PEC-3) ST/DL/CV,CS-JS,Jaspreet Singh,,,Lecture,MB-304,AGCS-21702X | PEC-3 NPTEL A. ST/B.DL/C.CV | CS-JS MB-304
SCH-0253,8,7th Semester CS-3,B.Tech CSE,7th,Wednesday,8,2:50 PM - 3:40 PM,AGCS - 21704,AGCS-21704,Major Project Lab,CS-TJS,Tejinder Sharma,G1,,Lab,DB Lab,AGCS-21704 | Major Project Lab G1 | CS-TJS | DB Lab
SCH-0254,8,7th Semester CS-3,B.Tech CSE,7th,Wednesday,8,2:50 PM - 3:40 PM,AGCS - 21704,AGCS-21704,Major Project Lab,CS-BK,Bhuvnesh Kumar,G2,,Lab,PL-1 Lab,AGCS-21704 | Major Project | Lab G2 | CS-BK | PL-1 Lab
SCH-0255,8,7th Semester CS-3,B.Tech CSE,7th,Thursday,8,2:50 PM - 3:40 PM,AGCS – 21702Y | F/G/H,AGCS-21702Y,Professional Elective Course-4 (PEC-4) | IOT/SNA/RL,CS-TJS,Tejinder Sharma,,,Lecture,MB-304,AGCS-21702Y | PEC-4 NPTEL F.IOT/G.SNA/H. RL | CS-TJS MB-304
SCH-0256,8,7th Semester CS-3,B.Tech CSE,7th,Friday,8,2:50 PM - 3:40 PM,AGCS – 21702Y | F/G/H,AGCS-21702Y,Professional Elective Course-4 (PEC-4) | IOT/SNA/RL,CS-TJS,Tejinder Sharma,,,Lecture,MB-304,AGCS-21702Y | PEC-4 NPTEL F.IOT/G.SNA/H. RL | CS-TJS MB-304
SCH-0257,9,7th Semester CoE,B.Tech CoE,7th,Monday,2,9:50 AM - 10:40 AM,AGCS - 21701,AGCS-21701,Data Science,CS-BK,Bhuvnesh Kumar,,,Lecture,MB304,AGCS-21701 | DSc | CS-BK
SCH-0258,9,7th Semester CoE,B.Tech CoE,7th,Tuesday,2,9:50 AM - 10:40 AM,AGCS - 21704,AGCS-21704,Major Project Lab,CS-AJS,Ajay Sharma,G1,,Lab,DB Lab,AGCS-21704 | Major Project Lab G1 | CS-AJS | DB Lab
SCH-0259,9,7th Semester CoE,B.Tech CoE,7th,Tuesday,2,9:50 AM - 10:40 AM,AGCS - 21703,AGCS-21703,Data Science Lab,CS-BK,Bhuvnesh Kumar,G2,,Lab,PL-4 Lab,AGCS-21703 | DSc Lab | G2 | CS-BK | PL-4 Lab
SCH-0260,9,7th Semester CoE,B.Tech CoE,7th,Wednesday,2,9:50 AM - 10:40 AM,AGCS - 21701,AGCS-21701,Data Science,CS-BK,Bhuvnesh Kumar,,,Lecture,MB304,AGCS-21701 | DSc | CS-BK
SCH-0261,9,7th Semester CoE,B.Tech CoE,7th,Thursday,2,9:50 AM - 10:40 AM,AGCS – 21702X | A/B/C,AGCoE-21702X,Professional Elective Course-3 (PEC-3) ST/DL/CV,CS-BK,Bhuvnesh Kumar,,,Lecture,MB304,AGCoE-21702X | PEC-3 NPTEL A. ST/B.DL/C.CV | CS-BK
SCH-0262,9,7th Semester CoE,B.Tech CoE,7th,Monday,3,10:40 AM - 11:30 AM,AGOE - 21709,AGOE - 21709,Management of Human Resources,MS-NK,Namrita Kalia,,,Lecture,MB304,AGOE-21709 | MHR | MS-NK
SCH-0263,9,7th Semester CoE,B.Tech CoE,7th,Tuesday,3,10:40 AM - 11:30 AM,AGCS - 21704,AGCS-21704,Major Project Lab,CS-AJS,Ajay Sharma,G1,,Lab,DB Lab,AGCS-21704 | Major Project Lab G1 | CS-AJS | DB Lab
SCH-0264,9,7th Semester CoE,B.Tech CoE,7th,Tuesday,3,10:40 AM - 11:30 AM,AGCS - 21703,AGCS-21703,Data Science Lab,CS-BK,Bhuvnesh Kumar,G2,,Lab,PL-4 Lab,AGCS-21703 | DSc Lab | G2 | CS-BK | PL-4 Lab
SCH-0265,9,7th Semester CoE,B.Tech CoE,7th,Wednesday,3,10:40 AM - 11:30 AM,AGOE - 21709,AGOE - 21709,Management of Human Resources,MS-NK,Namrita Kalia,,,Lecture,MB304,AGOE-21709 | MHR | MS-NK
SCH-0266,9,7th Semester CoE,B.Tech CoE,7th,Thursday,3,10:40 AM - 11:30 AM,AGCS – 21702Y | F/G/H,AGCoE-21702Y,Professional Elective Course-4 (PEC-4) | IOT/SNA/RL,CS-RPS,Ramanpreet Singh,,,Lecture,MB304,AGCoE-21702Y | PEC-4 NPTEL F.IOT/G.SNA/H. RL | CS-RPS
SCH-0267,9,7th Semester CoE,B.Tech CoE,7th,Monday,4,11:30 AM - 12:20 PM,AGCS - 21703,AGCS-21703,Data Science Lab,CS-BK,Bhuvnesh Kumar,G1,,Lab,PL-4 Lab,AGCS-21703 | DSc Lab | G1 | CS-BK | PL-4 Lab
SCH-0268,9,7th Semester CoE,B.Tech CoE,7th,Monday,4,11:30 AM - 12:20 PM,AGCS - 21704,AGCS-21704,Major Project Lab,CS-PS,Pavitar Singh,G2,,Lab,DB Lab,AGCS-21704 | Major Project Lab | G2 | CS-PS | DB Lab
SCH-0269,9,7th Semester CoE,B.Tech CoE,7th,Tuesday,4,11:30 AM - 12:20 PM,AGOE - 21709,AGOE - 21709,Management of Human Resources,MS-NK,Namrita Kalia,,,Lecture,MB304,AGOE-21709 | MHR | MS-NK
SCH-0270,9,7th Semester CoE,B.Tech CoE,7th,Wednesday,4,11:30 AM - 12:20 PM,AGCS - 21704,AGCS-21704,Major Project Lab,CS-AJS,Ajay Sharma,G1,,Lab,DB Lab,AGCS-21704 | Major Project Lab G1 | CS-AJS | DB Lab
SCH-0271,9,7th Semester CoE,B.Tech CoE,7th,Wednesday,4,11:30 AM - 12:20 PM,AGCS - 21704,AGCS-21704,Major Project Lab,CS-PS,Pavitar Singh,G2,,Lab,PL-4 Lab,AGCS-21704 | Major Project Lab | G2 | CS-PS | PL-4 Lab
SCH-0272,9,7th Semester CoE,B.Tech CoE,7th,Monday,5,12:20 PM - 1:10 PM,AGCS - 21703,AGCS-21703,Data Science Lab,CS-BK,Bhuvnesh Kumar,G1,,Lab,PL-4 Lab,AGCS-21703 | DSc Lab | G1 | CS-BK | PL-4 Lab
SCH-0273,9,7th Semester CoE,B.Tech CoE,7th,Monday,5,12:20 PM - 1:10 PM,AGCS - 21704,AGCS-21704,Major Project Lab,CS-PS,Pavitar Singh,G2,,Lab,DB Lab,AGCS-21704 | Major Project Lab | G2 | CS-PS | DB Lab
SCH-0274,9,7th Semester CoE,B.Tech CoE,7th,Tuesday,5,12:20 PM - 1:10 PM,AGCS – 21702X | A/B/C,AGCoE-21702X,Professional Elective Course-3 (PEC-3) ST/DL/CV,CS-BK,Bhuvnesh Kumar,,,Lecture,MB304,AGCoE-21702X | PEC-3 NPTEL A. ST/B.DL/C.CV | CS-BK
SCH-0275,9,7th Semester CoE,B.Tech CoE,7th,Wednesday,5,12:20 PM - 1:10 PM,AGCS - 21704,AGCS-21704,Major Project Lab,CS-AJS,Ajay Sharma,G1,,Lab,DB Lab,AGCS-21704 | Major Project Lab G1 | CS-AJS | DB Lab
SCH-0276,9,7th Semester CoE,B.Tech CoE,7th,Wednesday,5,12:20 PM - 1:10 PM,AGCS - 21704,AGCS-21704,Major Project Lab,CS-PS,Pavitar Singh,G2,,Lab,PL-4 Lab,AGCS-21704 | Major Project Lab | G2 | CS-PS | PL-4 Lab
SCH-0277,9,7th Semester CoE,B.Tech CoE,7th,Monday,7,2:00 PM - 2:50 PM,AGCS - 21701,AGCS-21701,Data Science,CS-BK,Bhuvnesh Kumar,G2,,Tutorial,MB304,AGCS-21701 | DSc(T) G2 | CS-BK
SCH-0278,9,7th Semester CoE,B.Tech CoE,7th,Tuesday,7,2:00 PM - 2:50 PM,AGCS - 21701,AGCS-21701,Data Science,CS-BK,Bhuvnesh Kumar,,,Lecture,MB304,AGCS-21701 | DSc | CS-BK
SCH-0279,9,7th Semester CoE,B.Tech CoE,7th,Wednesday,7,2:00 PM - 2:50 PM,AGCS – 21702X | A/B/C,AGCoE-21702X,Professional Elective Course-3 (PEC-3) ST/DL/CV,CS-BK,Bhuvnesh Kumar,,,Lecture,MB304,AGCoE-21702X | PEC-3 NPTEL A. ST/B.DL/C.CV | CS-BK
SCH-0280,9,7th Semester CoE,B.Tech CoE,7th,Monday,8,2:50 PM - 3:40 PM,AGCS - 21701,AGCS-21701,Data Science,CS-BK,Bhuvnesh Kumar,G1,,Tutorial,MB304,AGCS-21701 | DSc(T) G1 | CS-BK
SCH-0281,9,7th Semester CoE,B.Tech CoE,7th,Tuesday,8,2:50 PM - 3:40 PM,AGCS – 21702Y | F/G/H,AGCoE-21702Y,Professional Elective Course-4 (PEC-4) | IOT/SNA/RL,CS-RPS,Ramanpreet Singh,,,Lecture,MB304,AGCoE-21702Y | PEC-4 NPTEL F.IOT/G.SNA/H. RL | CS-RPS
SCH-0282,9,7th Semester CoE,B.Tech CoE,7th,Wednesday,8,2:50 PM - 3:40 PM,AGCS – 21702Y | F/G/H,AGCoE-21702Y,Professional Elective Course-4 (PEC-4) | IOT/SNA/RL,CS-RPS,Ramanpreet Singh,,,Lecture,MB304,AGCoE-21702Y | PEC-4 NPTEL F.IOT/G.SNA/H. RL | CS-RPS
SCH-0283,10,M.Tech CSE 1st Semester,M.Tech CSE,M.Tech 1st,Monday,1,9:00 AM - 9:50 AM,MTOE 102-18,MTCS-102,Advanced Data Structures (ADS),CS-TS,,,,Lecture,MB301,MTCS-102 -18 | ADS | CS-TS | MB301
SCH-0284,10,M.Tech CSE 1st Semester,M.Tech CSE,M.Tech 1st,Tuesday,1,9:00 AM - 9:50 AM,MTCS 101-18,MTCS,Mathematical foundations of Computer Science (MFOCS),,AS-RS: Mr. Retneer Sharma,,,Lecture,MB313,MTCS 101-18 | MFOCS | AS:RS | MB313
SCH-0285,10,M.Tech CSE 1st Semester,M.Tech CSE,M.Tech 1st,Wednesday,1,9:00 AM - 9:50 AM,MTOE 102-18,MTCS-102,Advanced Data Structures (ADS),CS-TJS,Tejinder Sharma,,,Lecture,MB301,MTCS-102 -18 | ADS | CS-TJS | MB301
SCH-0286,10,M.Tech CSE 1st Semester,M.Tech CSE,M.Tech 1st,Thursday,1,9:00 AM - 9:50 AM,MTRM 101-18,MTRM,Research Methodology and IPR (RMIPR),MS-HDS,,,,Lecture,AS-203,MTRM 101-18 | RMPIR | MS-HDS | AS-203
SCH-0287,10,M.Tech CSE 1st Semester,M.Tech CSE,M.Tech 1st,Wednesday,2,9:50 AM - 10:40 AM,MTCS 103-18,MTCS-103,Advanced Data Structures Lab,CS-TJS,Tejinder Sharma,,,Lab,,MTCS-103 -18 | ADS Lab | PL-III Lab | CS-TJS
SCH-0288,10,M.Tech CSE 1st Semester,M.Tech CSE,M.Tech 1st,Thursday,2,9:50 AM - 10:40 AM,MTCS 105-18,MTCS-105,Machine Learning (ML),CS-SJK,Sanjeev Kumar,,,Lecture,MB302,MTCS-105 -18 | ML | CS-SJK | MB302
SCH-0289,10,M.Tech CSE 1st Semester,M.Tech CSE,M.Tech 1st,Friday,2,9:50 AM - 10:40 AM,MTCS 101-18,MTCS,Mathematical foundations of Computer Science (MFOCS),,AS-RS: Mr. Retneer Sharma,,,Lecture,MB301,MTCS 101-18 | MFOCS | AS:RS | MB301
SCH-0290,10,M.Tech CSE 1st Semester,M.Tech CSE,M.Tech 1st,Wednesday,3,10:40 AM - 11:30 AM,MTCS 103-18,MTCS-103,Advanced Data Structures Lab,CS-TJS,Tejinder Sharma,,,Lab,,MTCS-103 -18 | ADS Lab | PL-III Lab | CS-TJS
SCH-0291,10,M.Tech CSE 1st Semester,M.Tech CSE,M.Tech 1st,Thursday,3,10:40 AM - 11:30 AM,MTCS 101-18,MTCS,Mathematical foundations of Computer Science (MFOCS),,AS-RS: Mr. Retneer Sharma,,,Lecture,MB302,MTCS 101-18 | MFOCS | AS:RS | MB302
SCH-0292,10,M.Tech CSE 1st Semester,M.Tech CSE,M.Tech 1st,Friday,3,10:40 AM - 11:30 AM,MTCS 108-18,MTCS-108,Data Science (DSc),CS-BK,Bhuvnesh Kumar,,,Lecture,MB301,MTCS-108 -18 | Dsci | CS-BK | MB301
SCH-0293,10,M.Tech CSE 1st Semester,M.Tech CSE,M.Tech 1st,Wednesday,4,11:30 AM - 12:20 PM,MTCS 108-18,MTCS-108,Data Science (DSc),CS-BK,Bhuvnesh Kumar,,,Lecture,MB313,MTCS-108 -18 | Dsci | CS-BK | MB313
SCH-0294,10,M.Tech CSE 1st Semester,M.Tech CSE,M.Tech 1st,Friday,4,11:30 AM - 12:20 PM,MTA-04,MTA-04,Audit Course,CS-PS,Pavitar Singh,,,Audit,MB313,MTA-04 | Audit Course | CS-PS | MB313
SCH-0295,10,M.Tech CSE 1st Semester,M.Tech CSE,M.Tech 1st,Monday,5,12:20 PM - 1:10 PM,MTCS 105-18,MTCS-105,Machine Learning (ML),CS-SJK,Sanjeev Kumar,,,Lecture,MB313,MTCS-105 -18 | ML | CS-SJK | MB313
SCH-0296,10,M.Tech CSE 1st Semester,M.Tech CSE,M.Tech 1st,Tuesday,5,12:20 PM - 1:10 PM,MTCS 105-18,MTCS-105,Machine Learning (ML),CS-SJK,Sanjeev Kumar,,,Lecture,MB313,MTCS-105 -18 | ML | CS-SJK | MB313
SCH-0297,10,M.Tech CSE 1st Semester,M.Tech CSE,M.Tech 1st,Thursday,5,12:20 PM - 1:10 PM,MTA-04,MTA-04,Audit Course,CS-PS,Pavitar Singh,,,Audit,,MTA-04 | Audit Course | CS-PS | MB303
SCH-0298,10,M.Tech CSE 1st Semester,M.Tech CSE,M.Tech 1st,Friday,5,12:20 PM - 1:10 PM,MTOE 102-18,MTCS-102,Advanced Data Structures (ADS),CS-TS,,,,Lecture,MB313,MTCS-102 -18 | ADS | CS-TS | MB313
SCH-0299,10,M.Tech CSE 1st Semester,M.Tech CSE,M.Tech 1st,Monday,7,2:00 PM - 2:50 PM,MTCS 103-18,MTCS-103,Advanced Data Structures Lab,CS-TJS,Tejinder Sharma,,,Lab,,MTCS-103 -18 | ADS Lab | PL-III Lab | CS-TJS
SCH-0300,10,M.Tech CSE 1st Semester,M.Tech CSE,M.Tech 1st,Tuesday,7,2:00 PM - 2:50 PM,MTRM 101-18,MTRM,Research Methodology and IPR (RMIPR),MS-HDS,,,,Lecture,AS-203,MTRM 101-18 | RMPIR | MS-HDS | AS-203
SCH-0301,10,M.Tech CSE 1st Semester,M.Tech CSE,M.Tech 1st,Wednesday,7,2:00 PM - 2:50 PM,MTCS 104-18,MTCS,Machine Learning,CS-SJK,Sanjeev Kumar,,,Lab,,MTCS 104-18 | ML Lab | CS-SJK | PL-III Lab
SCH-0302,10,M.Tech CSE 1st Semester,M.Tech CSE,M.Tech 1st,Thursday,7,2:00 PM - 2:50 PM,MTCS 108-18,MTCS-108,Data Science (DSc),CS-BK,Bhuvnesh Kumar,,,Lecture,e-Classroom,MTCS-108 -18 | Dsci | CS-BK | e-Classroom
SCH-0303,10,M.Tech CSE 1st Semester,M.Tech CSE,M.Tech 1st,Friday,7,2:00 PM - 2:50 PM,MTCS 104-18,MTCS,Machine Learning,CS-SJK,Sanjeev Kumar,,,Lab,,MTCS 104-18 | ML Lab | CS-SJK | PL-III Lab
SCH-0304,10,M.Tech CSE 1st Semester,M.Tech CSE,M.Tech 1st,Monday,8,2:50 PM - 3:40 PM,MTCS 103-18,MTCS-103,Advanced Data Structures Lab,CS-TJS,Tejinder Sharma,,,Lab,,MTCS-103 -18 | ADS Lab | PL-III Lab | CS-TJS
SCH-0305,10,M.Tech CSE 1st Semester,M.Tech CSE,M.Tech 1st,Wednesday,8,2:50 PM - 3:40 PM,MTCS 104-18,MTCS,Machine Learning,CS-SJK,Sanjeev Kumar,,,Lab,,MTCS 104-18 | ML Lab | CS-SJK | PL-III Lab
SCH-0306,10,M.Tech CSE 1st Semester,M.Tech CSE,M.Tech 1st,Friday,8,2:50 PM - 3:40 PM,MTCS 104-18,MTCS,Machine Learning,CS-SJK,Sanjeev Kumar,,,Lab,,MTCS 104-18 | ML Lab | CS-SJK | PL-III Lab
SCH-0307,11,M.Tech CSE 3rd Semester,M.Tech CSE,M.Tech 3rd,Thursday,2,9:50 AM - 10:40 AM,MTCS 301-18,MTOE-301-18,Dissertation-I,CS-AJS,Ajay Sharma,,,Lecture,,MTOE-301-18 | BA | CS-AJS | MB 301
SCH-0308,11,M.Tech CSE 3rd Semester,M.Tech CSE,M.Tech 3rd,Friday,2,9:50 AM - 10:40 AM,MTCS 304-18,MTCS-304-18,Optimization Techniques,CS-PS,Pavitar Singh,,,Lecture,,MTCS-304-18 | OT | CS-PS | MB 313
SCH-0309,11,M.Tech CSE 3rd Semester,M.Tech CSE,M.Tech 3rd,Thursday,3,10:40 AM - 11:30 AM,MTCS 304-18,MTCS-304-18,Optimization Techniques,CS-PS,Pavitar Singh,,,Lecture,,MTCS-304-18 | OT | CS-PS | MB 313
SCH-0310,11,M.Tech CSE 3rd Semester,M.Tech CSE,M.Tech 3rd,Friday,3,10:40 AM - 11:30 AM,MTCS 301-18,MTOE-301-18,Dissertation-I,CS-AJS,Ajay Sharma,,,Lecture,,MTOE-301-18 | BA | CS-AJS | MB 313
SCH-0311,11,M.Tech CSE 3rd Semester,M.Tech CSE,M.Tech 3rd,Monday,4,11:30 AM - 12:20 PM,MTCS 301-18,MTCS-301-18,Dissertation-I,CS-TJS,Tejinder Sharma,,,Lab,PL-3 Lab,MTCS-301-18 | Dissertation-I | PL-3 Lab | CS-TJS
SCH-0312,11,M.Tech CSE 3rd Semester,M.Tech CSE,M.Tech 3rd,Tuesday,4,11:30 AM - 12:20 PM,MTCS 301-18,MTOE-301-18,Dissertation-I,CS-AJS,Ajay Sharma,,,Lecture,,MTOE-301-18 | BA | CS-AJS | MB 313
SCH-0313,11,M.Tech CSE 3rd Semester,M.Tech CSE,M.Tech 3rd,Monday,5,12:20 PM - 1:10 PM,MTCS 301-18,MTCS-301-18,Dissertation-I,CS-TJS,Tejinder Sharma,,,Lab,PL-3 Lab,MTCS-301-18 | Dissertation-I | PL-3 Lab | CS-TJS
SCH-0314,11,M.Tech CSE 3rd Semester,M.Tech CSE,M.Tech 3rd,Tuesday,5,12:20 PM - 1:10 PM,MTCS 304-18,MTCS-304-18,Optimization Techniques,CS-PS,Pavitar Singh,,,Lecture,,MTCS-304-18 | OT | CS-PS | MB 313
