record_id,source_page,faculty_code,faculty_name,class_section,program,semester,day,period,time,subject_code,schedule_subject_code,subject_name,group,session_type,room
SCH-0283,10,CS-TS,,M.Tech CSE 1st Semester,M.Tech CSE,M.Tech 1st,Monday,1,9:00 AM - 9:50 AM,MTOE 102-18,MTCS-102,Advanced Data Structures (ADS),,Lecture,MB301
SCH-0062,3,AS-RS,,3rd Semester CoE,B.Tech CoE,3rd,Monday,3,10:40 AM - 11:30 AM,AGCS–25301,AGCS–25301,Probability and Statistics,,Lecture,ME-219
SCH-0063,3,AS-RS,,3rd Semester CoE,B.Tech CoE,3rd,Tuesday,3,10:40 AM - 11:30 AM,AGCS–25301,AGCS–25301,Probability and Statistics,,Lecture,ME-219
SCH-0300,10,MS-HDS,,M.Tech CSE 1st Semester,M.Tech CSE,M.Tech 1st,Tuesday,7,2:00 PM - 2:50 PM,MTRM 101-18,MTRM,Research Methodology and IPR (RMIPR),,Lecture,AS-203
SCH-0238,8,MS-AK,,7th Semester CS-3,B.Tech CSE,7th,Wednesday,3,10:40 AM - 11:30 AM,AGOE - 21709,AGOE - 21709,Management of Human Resources,,Lecture,MB-302
SCH-0286,10,MS-HDS,,M.Tech CSE 1st Semester,M.Tech CSE,M.Tech 1st,Thursday,1,9:00 AM - 9:50 AM,MTRM 101-18,MTRM,Research Methodology and IPR (RMIPR),,Lecture,AS-203
SCH-0060,3,AS-RS,,3rd Semester CoE,B.Tech CoE,3rd,Thursday,2,9:50 AM - 10:40 AM,AGCS–25301,AGCS–25301,Probability and Statistics,G1 + G2,Tutorial,ME-219
SCH-0070,3,AS-RS,,3rd Semester CoE,B.Tech CoE,3rd,Thursday,4,11:30 AM - 12:20 PM,AGCS–25301,AGCS–25301,Probability and Statistics,,Lecture,ME-219
SCH-0244,8,MS-AK,,7th Semester CS-3,B.Tech CSE,7th,Thursday,4,11:30 AM - 12:20 PM,AGOE - 21709,AGOE - 21709,Management of Human Resources,,Lecture,MB302 / MB304
SCH-0245,8,MS-AK,,7th Semester CS-3,B.Tech CSE,7th,Friday,4,11:30 AM - 12:20 PM,AGOE - 21709,AGOE - 21709,Management of Human Resources,,Lecture,MB302 / MB304
SCH-0298,10,CS-TS,,M.Tech CSE 1st Semester,M.Tech CSE,M.Tech 1st,Friday,5,12:20 PM - 1:10 PM,MTOE 102-18,MTCS-102,Advanced Data Structures (ADS),,Lecture,MB313
SCH-0001,1,CS-AJS,Ajay Sharma,3rd Semester CS-1,B.Tech CSE,3rd,Monday,2,9:50 AM - 10:40 AM,AGCS–25306,AGCS-25306,Object Oriented Programming using C++ Lab,G1 + G2,Lab,ME-218
SCH-0006,1,CS-AJS,Ajay Sharma,3rd Semester CS-1,B.Tech CSE,3rd,Monday,3,10:40 AM - 11:30 AM,AGCS–25306,AGCS-25306,Object Oriented Programming using C++ Lab,G1 + G2,Lab,ME-218
SCH-0011,1,CS-AJS,Ajay Sharma,3rd Semester CS-1,B.Tech CSE,3rd,Monday,4,11:30 AM - 12:20 PM,AGCS–25304,AGCS-25304,Computer Organization and Architecture (NPTEL),,Lecture,ME-218
SCH-0016,1,CS-AJS,Ajay Sharma,3rd Semester CS-1,B.Tech CSE,3rd,Monday,5,12:20 PM - 1:10 PM,AGCS–25302,AGCS-25302,Object Oriented Programming using C++,,Lecture,ME-218
SCH-0258,9,CS-AJS,Ajay Sharma,7th Semester CoE,B.Tech CoE,7th,Tuesday,2,9:50 AM - 10:40 AM,AGCS - 21704,AGCS-21704,Major Project Lab,G1,Lab,DB Lab
SCH-0263,9,CS-AJS,Ajay Sharma,7th Semester CoE,B.Tech CoE,7th,Tuesday,3,10:40 AM - 11:30 AM,AGCS - 21704,AGCS-21704,Major Project Lab,G1,Lab,DB Lab
SCH-0312,11,CS-AJS,Ajay Sharma,M.Tech CSE 3rd Semester,M.Tech CSE,M.Tech 3rd,Tuesday,4,11:30 AM - 12:20 PM,MTCS 301-18,MTOE-301-18,Dissertation-I,,Lecture,
SCH-0026,1,CS-AJS,Ajay Sharma,3rd Semester CS-1,B.Tech CSE,3rd,Tuesday,8,2:50 PM - 3:40 PM,AGCS–25304,AGCS-25304,Computer Organization and Architecture (NPTEL),,Lecture,ME-218
SCH-0003,1,CS-AJS,Ajay Sharma,3rd Semester CS-1,B.Tech CSE,3rd,Wednesday,2,9:50 AM - 10:40 AM,AGCS–25302,AGCS-25302,Object Oriented Programming using C++,,Lecture,ME-218
SCH-0270,9,CS-AJS,Ajay Sharma,7th Semester CoE,B.Tech CoE,7th,Wednesday,4,11:30 AM - 12:20 PM,AGCS - 21704,AGCS-21704,Major Project Lab,G1,Lab,DB Lab
SCH-0275,9,CS-AJS,Ajay Sharma,7th Semester CoE,B.Tech CoE,7th,Wednesday,5,12:20 PM - 1:10 PM,AGCS - 21704,AGCS-21704,Major Project Lab,G1,Lab,DB Lab
SCH-0023,1,CS-AJS,Ajay Sharma,3rd Semester CS-1,B.Tech CSE,3rd,Wednesday,7,2:00 PM - 2:50 PM,AGCS–25309,AGCS-25309,Problem Solving using Python Lab,G1 + G2,Lab,ME-218
SCH-0027,1,CS-AJS,Ajay Sharma,3rd Semester CS-1,B.Tech CSE,3rd,Wednesday,8,2:50 PM - 3:40 PM,AGCS–25309,AGCS-25309,Problem Solving using Python Lab,G1 + G2,Lab,ME-218
SCH-0307,11,CS-AJS,Ajay Sharma,M.Tech CSE 3rd Semester,M.Tech CSE,M.Tech 3rd,Thursday,2,9:50 AM - 10:40 AM,MTCS 301-18,MTOE-301-18,Dissertation-I,,Lecture,
SCH-0042,2,CS-AJS,Ajay Sharma,3rd Semester CS-2,B.Tech CSE,3rd,Thursday,4,11:30 AM - 12:20 PM,AGCS–25308,AGCS-25308,AI Tools and Applications Lab,G1 + G2,Lab,ME-217
SCH-0047,2,CS-AJS,Ajay Sharma,3rd Semester CS-2,B.Tech CSE,3rd,Thursday,5,12:20 PM - 1:10 PM,AGCS–25308,AGCS-25308,AI Tools and Applications Lab,G1 + G2,Lab,ME-217
SCH-0028,1,CS-AJS,Ajay Sharma,3rd Semester CS-1,B.Tech CSE,3rd,Thursday,8,2:50 PM - 3:40 PM,AGCS–25304,AGCS-25304,Computer Organization and Architecture (NPTEL),,Lecture,ME-218
SCH-0310,11,CS-AJS,Ajay Sharma,M.Tech CSE 3rd Semester,M.Tech CSE,M.Tech 3rd,Friday,3,10:40 AM - 11:30 AM,MTCS 301-18,MTOE-301-18,Dissertation-I,,Lecture,
SCH-0020,1,CS-AJS,Ajay Sharma,3rd Semester CS-1,B.Tech CSE,3rd,Friday,5,12:20 PM - 1:10 PM,AGCS–25302,AGCS-25302,Object Oriented Programming using C++,,Lecture,ME-218
SCH-0257,9,CS-BK,Bhuvnesh Kumar,7th Semester CoE,B.Tech CoE,7th,Monday,2,9:50 AM - 10:40 AM,AGCS - 21701,AGCS-21701,Data Science,,Lecture,MB304
SCH-0267,9,CS-BK,Bhuvnesh Kumar,7th Semester CoE,B.Tech CoE,7th,Monday,4,11:30 AM - 12:20 PM,AGCS - 21703,AGCS-21703,Data Science Lab,G1,Lab,PL-4 Lab
SCH-0272,9,CS-BK,Bhuvnesh Kumar,7th Semester CoE,B.Tech CoE,7th,Monday,5,12:20 PM - 1:10 PM,AGCS - 21703,AGCS-21703,Data Science Lab,G1,Lab,PL-4 Lab
SCH-0277,9,CS-BK,Bhuvnesh Kumar,7th Semester CoE,B.Tech CoE,7th,Monday,7,2:00 PM - 2:50 PM,AGCS - 21701,AGCS-21701,Data Science,G2,Tutorial,MB304
SCH-0280,9,CS-BK,Bhuvnesh Kumar,7th Semester CoE,B.Tech CoE,7th,Monday,8,2:50 PM - 3:40 PM,AGCS - 21701,AGCS-21701,Data Science,G1,Tutorial,MB304
SCH-0259,9,CS-BK,Bhuvnesh Kumar,7th Semester CoE,B.Tech CoE,7th,Tuesday,2,9:50 AM - 10:40 AM,AGCS - 21703,AGCS-21703,Data Science Lab,G2,Lab,PL-4 Lab
SCH-0264,9,CS-BK,Bhuvnesh Kumar,7th Semester CoE,B.Tech CoE,7th,Tuesday,3,10:40 AM - 11:30 AM,AGCS - 21703,AGCS-21703,Data Science Lab,G2,Lab,PL-4 Lab
SCH-0045,2,CS-BK,Bhuvnesh Kumar,3rd Semester CS-2,B.Tech CSE,3rd,Tuesday,5,12:20 PM - 1:10 PM,AGCS–25305,AGCS-25305,Emerging Trends in Computer Science,,Lecture,ME-217
SCH-0274,9,CS-BK,Bhuvnesh Kumar,7th Semester CoE,B.Tech CoE,7th,Tuesday,5,12:20 PM - 1:10 PM,AGCS – 21702X | A/B/C,AGCoE-21702X,Professional Elective Course-3 (PEC-3) ST/DL/CV,,Lecture,MB304
SCH-0278,9,CS-BK,Bhuvnesh Kumar,7th Semester CoE,B.Tech CoE,7th,Tuesday,7,2:00 PM - 2:50 PM,AGCS - 21701,AGCS-21701,Data Science,,Lecture,MB304
SCH-0260,9,CS-BK,Bhuvnesh Kumar,7th Semester CoE,B.Tech CoE,7th,Wednesday,2,9:50 AM - 10:40 AM,AGCS - 21701,AGCS-21701,Data Science,,Lecture,MB304
SCH-0293,10,CS-BK,Bhuvnesh Kumar,M.Tech CSE 1st Semester,M.Tech CSE,M.Tech 1st,Wednesday,4,11:30 AM - 12:20 PM,MTCS 108-18,MTCS-108,Data Science (DSc),,Lecture,MB313
SCH-0046,2,CS-BK,Bhuvnesh Kumar,3rd Semester CS-2,B.Tech CSE,3rd,Wednesday,5,12:20 PM - 1:10 PM,AGCS–25305,AGCS-25305,Emerging Trends in Computer Science,,Lecture,ME-217
SCH-0250,8,CS-BK,Bhuvnesh Kumar,7th Semester CS-3,B.Tech CSE,7th,Wednesday,7,2:00 PM - 2:50 PM,AGCS - 21704,AGCS-21704,Major Project Lab,G2,Lab,PL-1 Lab
SCH-0279,9,CS-BK,Bhuvnesh Kumar,7th Semester CoE,B.Tech CoE,7th,Wednesday,7,2:00 PM - 2:50 PM,AGCS – 21702X | A/B/C,AGCoE-21702X,Professional Elective Course-3 (PEC-3) ST/DL/CV,,Lecture,MB304
SCH-0254,8,CS-BK,Bhuvnesh Kumar,7th Semester CS-3,B.Tech CSE,7th,Wednesday,8,2:50 PM - 3:40 PM,AGCS - 21704,AGCS-21704,Major Project Lab,G2,Lab,PL-1 Lab
SCH-0234,8,CS-BK,Bhuvnesh Kumar,7th Semester CS-3,B.Tech CSE,7th,Thursday,2,9:50 AM - 10:40 AM,AGCS - 21704,AGCS-21704,Major Project Lab,G2,Lab,DB Lab
SCH-0261,9,CS-BK,Bhuvnesh Kumar,7th Semester CoE,B.Tech CoE,7th,Thursday,2,9:50 AM - 10:40 AM,AGCS – 21702X | A/B/C,AGCoE-21702X,Professional Elective Course-3 (PEC-3) ST/DL/CV,,Lecture,MB304
SCH-0240,8,CS-BK,Bhuvnesh Kumar,7th Semester CS-3,B.Tech CSE,7th,Thursday,3,10:40 AM - 11:30 AM,AGCS - 21704,AGCS-21704,Major Project Lab,G2,Lab,DB Lab
SCH-0302,10,CS-BK,Bhuvnesh Kumar,M.Tech CSE 1st Semester,M.Tech CSE,M.Tech 1st,Thursday,7,2:00 PM - 2:50 PM,MTCS 108-18,MTCS-108,Data Science (DSc),,Lecture,e-Classroom
SCH-0292,10,CS-BK,Bhuvnesh Kumar,M.Tech CSE 1st Semester,M.Tech CSE,M.Tech 1st,Friday,3,10:40 AM - 11:30 AM,MTCS 108-18,MTCS-108,Data Science (DSc),,Lecture,MB301
SCH-0056,2,CS-BK,Bhuvnesh Kumar,3rd Semester CS-2,B.Tech CSE,3rd,Friday,8,2:50 PM - 3:40 PM,AGCS–25305,AGCS-25305,Emerging Trends in Computer Science,,Lecture,ME-217
SCH-0186,6,CS-CS,Chaitali Sood,5th Semester CS-3,B.Tech CSE,5th,Monday,8,2:50 PM - 3:40 PM,AGCS - 21504A,AGCS-21504A,Professional Elective Course-1 (PEC-1) TOC (NPTEL),,Lecture,MB-303
SCH-0155,6,CS-CS,Chaitali Sood,5th Semester CS-3,B.Tech CSE,5th,Tuesday,1,9:00 AM - 9:50 AM,AGCS - 21504A,AGCS-21504A,Professional Elective Course-1 (PEC-1) TOC (NPTEL),,Lecture,MB-303
SCH-0166,6,CS-CS,Chaitali Sood,5th Semester CS-3,B.Tech CSE,5th,Thursday,3,10:40 AM - 11:30 AM,AGCS - 21504A,AGCS-21504A,Professional Elective Course-1 (PEC-1) TOC (NPTEL),,Lecture,MB-303
SCH-0162,6,CS-GKG,Gagandeep Kaur Gill,5th Semester CS-3,B.Tech CSE,5th,Monday,3,10:40 AM - 11:30 AM,AGCS - 21505,AGCS,Artificial Intelligence,,Lecture,MB-303
SCH-0067,3,CS-GKG,Gagandeep Kaur Gill,3rd Semester CoE,B.Tech CoE,3rd,Monday,4,11:30 AM - 12:20 PM,AGCS–25303,AGCS–25303,Data Structures,,Lecture,ME-219
SCH-0159,6,CS-GKG,Gagandeep Kaur Gill,5th Semester CS-3,B.Tech CSE,5th,Tuesday,2,9:50 AM - 10:40 AM,AGCS - 21509,AGCS,Artificial Intelligence Lab,G2,Lab,PL-1 Lab
SCH-0164,6,CS-GKG,Gagandeep Kaur Gill,5th Semester CS-3,B.Tech CSE,5th,Tuesday,3,10:40 AM - 11:30 AM,AGCS - 21509,AGCS,Artificial Intelligence Lab,G2,Lab,PL-1 Lab
SCH-0176,6,CS-GKG,Gagandeep Kaur Gill,5th Semester CS-3,B.Tech CSE,5th,Tuesday,5,12:20 PM - 1:10 PM,AGCS - 21505,AGCS,Artificial Intelligence,,Lecture,MB-303
SCH-0078,3,CS-GKG,Gagandeep Kaur Gill,3rd Semester CoE,B.Tech CoE,3rd,Tuesday,7,2:00 PM - 2:50 PM,AGCS–25303,AGCS–25303,Data Structures,G1 + G2,Tutorial,ME-219
SCH-0082,3,CS-GKG,Gagandeep Kaur Gill,3rd Semester CoE,B.Tech CoE,3rd,Tuesday,8,2:50 PM - 3:40 PM,AGCS–25304,AGCS-25304,Computer Organization and Architecture (NPTEL),,Lecture,ME-219
SCH-0160,6,CS-GKG,Gagandeep Kaur Gill,5th Semester CS-3,B.Tech CSE,5th,Wednesday,2,9:50 AM - 10:40 AM,AGCS - 21505,AGCS,Artificial Intelligence,,Lecture,MB-303
SCH-0069,3,CS-GKG,Gagandeep Kaur Gill,3rd Semester CoE,B.Tech CoE,3rd,Wednesday,4,11:30 AM - 12:20 PM,AGCS–25307,AGCS–25307,Data Structures Lab,G1 + G2,Lab,ME-219
SCH-0074,3,CS-GKG,Gagandeep Kaur Gill,3rd Semester CoE,B.Tech CoE,3rd,Wednesday,5,12:20 PM - 1:10 PM,AGCS–25307,AGCS–25307,Data Structures Lab,G1 + G2,Lab,ME-219
SCH-0079,3,CS-GKG,Gagandeep Kaur Gill,3rd Semester CoE,B.Tech CoE,3rd,Wednesday,7,2:00 PM - 2:50 PM,AGCS–25303,AGCS–25303,Data Structures,,Lecture,ME-219
SCH-0083,3,CS-GKG,Gagandeep Kaur Gill,3rd Semester CoE,B.Tech CoE,3rd,Wednesday,8,2:50 PM - 3:40 PM,AGCS–25304,AGCS-25304,Computer Organization and Architecture (NPTEL),,Lecture,ME-219
SCH-0172,6,CS-GKG,Gagandeep Kaur Gill,5th Semester CS-3,B.Tech CSE,5th,Thursday,4,11:30 AM - 12:20 PM,AGCS - 21509,AGCS,Artificial Intelligence Lab,G1,Lab,R&S Lab
SCH-0179,6,CS-GKG,Gagandeep Kaur Gill,5th Semester CS-3,B.Tech CSE,5th,Thursday,5,12:20 PM - 1:10 PM,AGCS - 21509,AGCS,Artificial Intelligence Lab,G1,Lab,R&S Lab
SCH-0066,3,CS-GKG,Gagandeep Kaur Gill,3rd Semester CoE,B.Tech CoE,3rd,Friday,3,10:40 AM - 11:30 AM,AGCS–25303,AGCS–25303,Data Structures,,Lecture,ME-219
SCH-0076,3,CS-GKG,Gagandeep Kaur Gill,3rd Semester CoE,B.Tech CoE,3rd,Friday,5,12:20 PM - 1:10 PM,AGCS–25304,AGCS-25304,Computer Organization and Architecture (NPTEL),,Lecture,ME-219
SCH-0001,1,CS-GV,Gaurav,3rd Semester CS-1,B.Tech CSE,3rd,Monday,2,9:50 AM - 10:40 AM,AGCS–25306,AGCS-25306,Object Oriented Programming using C++ Lab,G1 + G2,Lab,ME-218
SCH-0006,1,CS-GV,Gaurav,3rd Semester CS-1,B.Tech CSE,3rd,Monday,3,10:40 AM - 11:30 AM,AGCS–25306,AGCS-25306,Object Oriented Programming using C++ Lab,G1 + G2,Lab,ME-218
SCH-0104,4,CS-GV,Gaurav,5th Semester CS-1,B.Tech CSE,5th,Monday,5,12:20 PM - 1:10 PM,AGCS - 21503,AGCS-21503,Programming in Java,,Lecture,MB301
SCH-0115,4,CS-GV,Gaurav,5th Semester CS-1,B.Tech CSE,5th,Monday,8,2:50 PM - 3:40 PM,AGCS - 21504A,AGCS-21504A,Professional Elective Course-1 (PEC-1) TOC (NPTEL),,Lecture,MB301
SCH-0088,4,CS-GV,Gaurav,5th Semester CS-1,B.Tech CSE,5th,Tuesday,2,9:50 AM - 10:40 AM,AGCS - 21508,AGCS-21508,Programming in Java Lab,G1,Lab,BDA Lab
SCH-0094,4,CS-GV,Gaurav,5th Semester CS-1,B.Tech CSE,5th,Tuesday,3,10:40 AM - 11:30 AM,AGCS - 21508,AGCS-21508,Programming in Java Lab,G1,Lab,BDA Lab
SCH-0105,4,CS-GV,Gaurav,5th Semester CS-1,B.Tech CSE,5th,Tuesday,5,12:20 PM - 1:10 PM,AGCS - 21503,AGCS-21503,Programming in Java,,Lecture,MB301
SCH-0022,1,CS-GV,Gaurav,3rd Semester CS-1,B.Tech CSE,3rd,Tuesday,7,2:00 PM - 2:50 PM,AGCS–25303,AGCS-25303,Data Structures,,Lecture,ME-218
SCH-0085,4,CS-GV,Gaurav,5th Semester CS-1,B.Tech CSE,5th,Wednesday,1,9:00 AM - 9:50 AM,AGCS - 21504A,AGCS-21504A,Professional Elective Course-1 (PEC-1) TOC (NPTEL),,Lecture,MB301
SCH-0096,4,CS-GV,Gaurav,5th Semester CS-1,B.Tech CSE,5th,Wednesday,3,10:40 AM - 11:30 AM,AGCS - 21503,AGCS-21503,Programming in Java,,Lecture,MB301
SCH-0101,4,CS-GV,Gaurav,5th Semester CS-1,B.Tech CSE,5th,Wednesday,4,11:30 AM - 12:20 PM,AGCS - 21508,AGCS-21508,Programming in Java Lab,G2,Lab,R&S Lab
SCH-0107,4,CS-GV,Gaurav,5th Semester CS-1,B.Tech CSE,5th,Wednesday,5,12:20 PM - 1:10 PM,AGCS - 21508,AGCS-21508,Programming in Java Lab,G2,Lab,R&S Lab
SCH-0004,1,CS-GV,Gaurav,3rd Semester CS-1,B.Tech CSE,3rd,Thursday,2,9:50 AM - 10:40 AM,AGCS–25307,AGCS-25307,Data Structures Lab,G1 + G2,Lab,ME-218
SCH-0009,1,CS-GV,Gaurav,3rd Semester CS-1,B.Tech CSE,3rd,Thursday,3,10:40 AM - 11:30 AM,AGCS–25307,AGCS-25307,Data Structures Lab,G1 + G2,Lab,ME-218
SCH-0019,1,CS-GV,Gaurav,3rd Semester CS-1,B.Tech CSE,3rd,Thursday,5,12:20 PM - 1:10 PM,AGCS–25303,AGCS-25303,Data Structures,G1 + G2,Tutorial,ME-218
SCH-0024,1,CS-GV,Gaurav,3rd Semester CS-1,B.Tech CSE,3rd,Thursday,7,2:00 PM - 2:50 PM,AGCS–25303,AGCS-25303,Data Structures,,Lecture,ME-218
SCH-0114,4,CS-GV,Gaurav,5th Semester CS-1,B.Tech CSE,5th,Thursday,7,2:00 PM - 2:50 PM,AGCS - 21504A,AGCS-21504A,Professional Elective Course-1 (PEC-1) TOC (NPTEL),,Lecture,MB301
SCH-0015,1,CS-GV,Gaurav,3rd Semester CS-1,B.Tech CSE,3rd,Friday,4,11:30 AM - 12:20 PM,AGCS–25303,AGCS-25303,Data Structures,,Lecture,ME-218
SCH-0068,3,CS-SA,Gaurav Sharma,3rd Semester CoE,B.Tech CoE,3rd,Tuesday,4,11:30 AM - 12:20 PM,AGCS–25306,AGCS–25306,Object Oriented Programming using C++ Lab,G1 + G2,Lab,ME-219
SCH-0068,3,CS-GS,Gaurav Sharma,3rd Semester CoE,B.Tech CoE,3rd,Tuesday,4,11:30 AM - 12:20 PM,AGCS–25306,AGCS–25306,Object Oriented Programming using C++ Lab,G1 + G2,Lab,ME-219
SCH-0073,3,CS-SA,Gaurav Sharma,3rd Semester CoE,B.Tech CoE,3rd,Tuesday,5,12:20 PM - 1:10 PM,AGCS–25306,AGCS–25306,Object Oriented Programming using C++ Lab,G1 + G2,Lab,ME-219
SCH-0073,3,CS-GS,Gaurav Sharma,3rd Semester CoE,B.Tech CoE,3rd,Tuesday,5,12:20 PM - 1:10 PM,AGCS–25306,AGCS–25306,Object Oriented Programming using C++ Lab,G1 + G2,Lab,ME-219
SCH-0232,8,CS-GS,Gaurav Sharma,7th Semester CS-3,B.Tech CSE,7th,Wednesday,2,9:50 AM - 10:40 AM,AGCS - 21701,AGCS-21701,Data Science,,Lecture,MB-302
SCH-0243,8,CS-GS,Gaurav Sharma,7th Semester CS-3,B.Tech CSE,7th,Wednesday,4,11:30 AM - 12:20 PM,AGCS - 21701,AGCS-21701,Data Science,G1,Tutorial,MB-304
SCH-0246,8,CS-GS,Gaurav Sharma,7th Semester CS-3,B.Tech CSE,7th,Wednesday,5,12:20 PM - 1:10 PM,AGCS - 21701,AGCS-21701,Data Science,G2,Tutorial,MB-304
SCH-0233,8,CS-GS,Gaurav Sharma,7th Semester CS-3,B.Tech CSE,7th,Thursday,2,9:50 AM - 10:40 AM,AGCS - 21703,AGCS-21703,Data Science Lab,G1,Lab,PL-4 Lab
SCH-0239,8,CS-GS,Gaurav Sharma,7th Semester CS-3,B.Tech CSE,7th,Thursday,3,10:40 AM - 11:30 AM,AGCS - 21703,AGCS-21703,Data Science Lab,G1,Lab,PL-4 Lab
SCH-0247,8,CS-GS,Gaurav Sharma,7th Semester CS-3,B.Tech CSE,7th,Thursday,5,12:20 PM - 1:10 PM,AGCS - 21701,AGCS-21701,Data Science,,Lecture,MB-304
SCH-0080,3,CS-GS,Gaurav Sharma,3rd Semester CoE,B.Tech CoE,3rd,Thursday,7,2:00 PM - 2:50 PM,AGCS–25309,AGCS–25309,Problem Solving using Python Lab,G1 + G2,Lab,ME-219
SCH-0084,3,CS-GS,Gaurav Sharma,3rd Semester CoE,B.Tech CoE,3rd,Thursday,8,2:50 PM - 3:40 PM,AGCS–25309,AGCS–25309,Problem Solving using Python Lab,G1 + G2,Lab,ME-219
SCH-0236,8,CS-GS,Gaurav Sharma,7th Semester CS-3,B.Tech CSE,7th,Friday,2,9:50 AM - 10:40 AM,AGCS - 21703,AGCS-21703,Data Science Lab,G2,Lab,PL-4 Lab
SCH-0242,8,CS-GS,Gaurav Sharma,7th Semester CS-3,B.Tech CSE,7th,Friday,3,10:40 AM - 11:30 AM,AGCS - 21703,AGCS-21703,Data Science Lab,G2,Lab,PL-4 Lab
SCH-0248,8,CS-GS,Gaurav Sharma,7th Semester CS-3,B.Tech CSE,7th,Friday,5,12:20 PM - 1:10 PM,AGCS - 21701,AGCS-21701,Data Science,,Lecture,MB-304
SCH-0190,7,CS-GK,Goutam Kumar,5th Semester CoE,B.Tech CoE,5th,Monday,1,9:00 AM - 9:50 AM,AGCS - 21508,AGCS,Programming in Java Lab,G1,Lab,R&S Lab
SCH-0197,7,CS-GK,Goutam Kumar,5th Semester CoE,B.Tech CoE,5th,Monday,2,9:50 AM - 10:40 AM,AGCS - 21508,AGCS,Programming in Java Lab,G1,Lab,R&S Lab
SCH-0168,6,CS-GK,Goutam Kumar,5th Semester CS-3,B.Tech CSE,5th,Monday,4,11:30 AM - 12:20 PM,AGCS - 21508,AGCS,Programming in Java Lab,G2,Lab,R&S Lab
SCH-0175,6,CS-GK,Goutam Kumar,5th Semester CS-3,B.Tech CSE,5th,Monday,5,12:20 PM - 1:10 PM,AGCS - 21508,AGCS,Programming in Java Lab,G2,Lab,R&S Lab
SCH-0077,3,CS-GK,Goutam Kumar,3rd Semester CoE,B.Tech CoE,3rd,Monday,7,2:00 PM - 2:50 PM,AGCS–25308,AGCS–25308,AI Tools and Applications Lab,G1 + G2,Lab,ME-219
SCH-0081,3,CS-GK,Goutam Kumar,3rd Semester CoE,B.Tech CoE,3rd,Monday,8,2:50 PM - 3:40 PM,AGCS–25308,AGCS–25308,AI Tools and Applications Lab,G1 + G2,Lab,ME-219
SCH-0158,6,CS-GK,Goutam Kumar,5th Semester CS-3,B.Tech CSE,5th,Tuesday,2,9:50 AM - 10:40 AM,AGCS - 21508,AGCS,Programming in Java Lab,G1,Lab,R&S Lab
SCH-0163,6,CS-GK,Goutam Kumar,5th Semester CS-3,B.Tech CSE,5th,Tuesday,3,10:40 AM - 11:30 AM,AGCS - 21508,AGCS,Programming in Java Lab,G1,Lab,R&S Lab
SCH-0169,6,CS-GK,Goutam Kumar,5th Semester CS-3,B.Tech CSE,5th,Tuesday,4,11:30 AM - 12:20 PM,AGCS - 21503,AGCS,Programming in Java,,Lecture,MB-303
SCH-0187,6,CS-GK,Goutam Kumar,5th Semester CS-3,B.Tech CSE,5th,Tuesday,8,2:50 PM - 3:40 PM,AGCS - 21502,AGCS-21502,Software Engineering (NPTEL),,Lecture,MB-303
SCH-0165,6,CS-GK,Goutam Kumar,5th Semester CS-3,B.Tech CSE,5th,Wednesday,3,10:40 AM - 11:30 AM,AGCS - 21503,AGCS,Programming in Java,,Lecture,MB-303
SCH-0221,7,CS-GK,Goutam Kumar,5th Semester CoE,B.Tech CoE,5th,Wednesday,7,2:00 PM - 2:50 PM,AGCS - 21508,AGCS,Programming in Java Lab,G2,Lab,R&S Lab
SCH-0188,6,CS-GK,Goutam Kumar,5th Semester CS-3,B.Tech CSE,5th,Wednesday,8,2:50 PM - 3:40 PM,AGCS - 21502,AGCS-21502,Software Engineering (NPTEL),,Lecture,MB-303
SCH-0228,7,CS-GK,Goutam Kumar,5th Semester CoE,B.Tech CoE,5th,Wednesday,8,2:50 PM - 3:40 PM,AGCS - 21508,AGCS,Programming in Java Lab,G2,Lab,R&S Lab
SCH-0004,1,CS-GK,Goutam Kumar,3rd Semester CS-1,B.Tech CSE,3rd,Thursday,2,9:50 AM - 10:40 AM,AGCS–25307,AGCS-25307,Data Structures Lab,G1 + G2,Lab,ME-218
SCH-0009,1,CS-GK,Goutam Kumar,3rd Semester CS-1,B.Tech CSE,3rd,Thursday,3,10:40 AM - 11:30 AM,AGCS–25307,AGCS-25307,Data Structures Lab,G1 + G2,Lab,ME-218
SCH-0185,6,CS-GK,Goutam Kumar,5th Semester CS-3,B.Tech CSE,5th,Thursday,7,2:00 PM - 2:50 PM,AGCS - 21503,AGCS,Programming in Java,,Lecture,MB-303
SCH-0189,6,CS-GK,Goutam Kumar,5th Semester CS-3,B.Tech CSE,5th,Thursday,8,2:50 PM - 3:40 PM,AGCS - 21502,AGCS-21502,Software Engineering (NPTEL),,Lecture,MB-303
SCH-0005,1,CS-GK,Goutam Kumar,3rd Semester CS-1,B.Tech CSE,3rd,Friday,2,9:50 AM - 10:40 AM,AGCS–25308,AGCS-25308,AI Tools and Applications Lab,G1 + G2,Lab,ME-218
SCH-0010,1,CS-GK,Goutam Kumar,3rd Semester CS-1,B.Tech CSE,3rd,Friday,3,10:40 AM - 11:30 AM,AGCS–25308,AGCS-25308,AI Tools and Applications Lab,G1 + G2,Lab,ME-218
SCH-0191,7,CS-JS,Jaspreet Singh,5th Semester CoE,B.Tech CoE,5th,Monday,1,9:00 AM - 9:50 AM,AGCS - 21509,AGCS,Artificial Intelligence Lab,G2,Lab,PL-1 Lab
SCH-0198,7,CS-JS,Jaspreet Singh,5th Semester CoE,B.Tech CoE,5th,Monday,2,9:50 AM - 10:40 AM,AGCS - 21509,AGCS,Artificial Intelligence Lab,G2,Lab,PL-1 Lab
SCH-0209,7,CS-JS,Jaspreet Singh,5th Semester CoE,B.Tech CoE,5th,Monday,4,11:30 AM - 12:20 PM,AGCS - 21505,AGCS,Artificial Intelligence,,Lecture,e-Classroom
SCH-0192,7,CS-JS,Jaspreet Singh,5th Semester CoE,B.Tech CoE,5th,Tuesday,1,9:00 AM - 9:50 AM,AGCS - 21505,AGCS,Artificial Intelligence,,Lecture,e-Classroom
SCH-0231,8,CS-JS,Jaspreet Singh,7th Semester CS-3,B.Tech CSE,7th,Tuesday,2,9:50 AM - 10:40 AM,AGCS – 21702X | A/B/C,AGCS-21702X,Professional Elective Course-3 (PEC-3) ST/DL/CV,,Lecture,MB-302
SCH-0127,5,CS-JS,Jaspreet Singh,5th Semester CS-2,B.Tech CSE,5th,Tuesday,3,10:40 AM - 11:30 AM,AGCS - 21503,AGCS,Programming in Java,,Lecture,MB302
SCH-0122,5,CS-JS,Jaspreet Singh,5th Semester CS-2,B.Tech CSE,5th,Wednesday,2,9:50 AM - 10:40 AM,AGCS - 21508,AGCS,Programming in Java Lab,G1,Lab,R&S Lab
SCH-0128,5,CS-JS,Jaspreet Singh,5th Semester CS-2,B.Tech CSE,5th,Wednesday,3,10:40 AM - 11:30 AM,AGCS - 21508,AGCS,Programming in Java Lab,G1,Lab,R&S Lab
SCH-0135,5,CS-JS,Jaspreet Singh,5th Semester CS-2,B.Tech CSE,5th,Wednesday,4,11:30 AM - 12:20 PM,AGCS - 21503,AGCS,Programming in Java,,Lecture,MB302
SCH-0195,7,CS-JS,Jaspreet Singh,5th Semester CoE,B.Tech CoE,5th,Thursday,1,9:00 AM - 9:50 AM,AGCS - 21505,AGCS,Artificial Intelligence,,Lecture,e-Classroom
SCH-0125,5,CS-JS,Jaspreet Singh,5th Semester CS-2,B.Tech CSE,5th,Thursday,2,9:50 AM - 10:40 AM,AGCS - 21508,AGCS,Programming in Java Lab,G2,Lab,R&S Lab
SCH-0131,5,CS-JS,Jaspreet Singh,5th Semester CS-2,B.Tech CSE,5th,Thursday,3,10:40 AM - 11:30 AM,AGCS - 21508,AGCS,Programming in Java Lab,G2,Lab,R&S Lab
SCH-0042,2,CS-JS,Jaspreet Singh,3rd Semester CS-2,B.Tech CSE,3rd,Thursday,4,11:30 AM - 12:20 PM,AGCS–25308,AGCS-25308,AI Tools and Applications Lab,G1 + G2,Lab,ME-217
SCH-0047,2,CS-JS,Jaspreet Singh,3rd Semester CS-2,B.Tech CSE,3rd,Thursday,5,12:20 PM - 1:10 PM,AGCS–25308,AGCS-25308,AI Tools and Applications Lab,G1 + G2,Lab,ME-217
SCH-0222,7,CS-JS,Jaspreet Singh,5th Semester CoE,B.Tech CoE,5th,Thursday,7,2:00 PM - 2:50 PM,AGCS - 21509,AGCS,Artificial Intelligence Lab,G1,Lab,PL-1 Lab
SCH-0251,8,CS-JS,Jaspreet Singh,7th Semester CS-3,B.Tech CSE,7th,Thursday,7,2:00 PM - 2:50 PM,AGCS – 21702X | A/B/C,AGCS-21702X,Professional Elective Course-3 (PEC-3) ST/DL/CV,,Lecture,MB-304
SCH-0229,7,CS-JS,Jaspreet Singh,5th Semester CoE,B.Tech CoE,5th,Thursday,8,2:50 PM - 3:40 PM,AGCS - 21509,AGCS,Artificial Intelligence Lab,G1,Lab,PL-1 Lab
SCH-0132,5,CS-JS,Jaspreet Singh,5th Semester CS-2,B.Tech CSE,5th,Friday,3,10:40 AM - 11:30 AM,AGCS - 21503,AGCS,Programming in Java,,Lecture,MB302
SCH-0252,8,CS-JS,Jaspreet Singh,7th Semester CS-3,B.Tech CSE,7th,Friday,7,2:00 PM - 2:50 PM,AGCS – 21702X | A/B/C,AGCS-21702X,Professional Elective Course-3 (PEC-3) ST/DL/CV,,Lecture,MB-304
SCH-0203,7,AS-JK,Jatinder Kaur,5th Semester CoE,B.Tech CoE,5th,Monday,3,10:40 AM - 11:30 AM,AGAP - 21502,AGAP-21502,Engineering Aptitude - II,G1,Tutorial,MB-313
SCH-0145,5,AS-JK,Jatinder Kaur,5th Semester CS-2,B.Tech CSE,5th,Tuesday,7,2:00 PM - 2:50 PM,AGAP - 21502,AGAP,Engineering Aptitude - II,G1,Tutorial,MB-302
SCH-0194,7,AS-JK,Jatinder Kaur,5th Semester CoE,B.Tech CoE,5th,Wednesday,1,9:00 AM - 9:50 AM,AGAP - 21502,AGAP-21502,Engineering Aptitude - II,G2,Tutorial,MB-313
SCH-0149,5,AS-JK,Jatinder Kaur,5th Semester CS-2,B.Tech CSE,5th,Thursday,7,2:00 PM - 2:50 PM,AGAP - 21502,AGAP,Engineering Aptitude - II,G2,Tutorial,MB-313
SCH-0069,3,CS-KS,Khushi Sood,3rd Semester CoE,B.Tech CoE,3rd,Wednesday,4,11:30 AM - 12:20 PM,AGCS–25307,AGCS–25307,Data Structures Lab,G1 + G2,Lab,ME-219
SCH-0074,3,CS-KS,Khushi Sood,3rd Semester CoE,B.Tech CoE,3rd,Wednesday,5,12:20 PM - 1:10 PM,AGCS–25307,AGCS–25307,Data Structures Lab,G1 + G2,Lab,ME-219
SCH-0043,2,CS-KS,Khushi Sood,3rd Semester CS-2,B.Tech CSE,3rd,Friday,4,11:30 AM - 12:20 PM,AGCS–25309,AGCS-25309,Problem Solving using Python Lab,G1 + G2,Lab,ME-217
SCH-0048,2,CS-KS,Khushi Sood,3rd Semester CS-2,B.Tech CSE,3rd,Friday,5,12:20 PM - 1:10 PM,AGCS–25309,AGCS-25309,Problem Solving using Python Lab,G1 + G2,Lab,ME-217
SCH-0262,9,MS-NK,Namrita Kalia,7th Semester CoE,B.Tech CoE,7th,Monday,3,10:40 AM - 11:30 AM,AGOE - 21709,AGOE - 21709,Management of Human Resources,,Lecture,MB304
SCH-0269,9,MS-NK,Namrita Kalia,7th Semester CoE,B.Tech CoE,7th,Tuesday,4,11:30 AM - 12:20 PM,AGOE - 21709,AGOE - 21709,Management of Human Resources,,Lecture,MB304
SCH-0265,9,MS-NK,Namrita Kalia,7th Semester CoE,B.Tech CoE,7th,Wednesday,3,10:40 AM - 11:30 AM,AGOE - 21709,AGOE - 21709,Management of Human Resources,,Lecture,MB304
SCH-0039,2,CS-PK,Parambir Kaur,3rd Semester CS-2,B.Tech CSE,3rd,Monday,4,11:30 AM - 12:20 PM,AGCS–25307,AGCS-25307,Data Structures Lab,G1 + G2,Lab,ME-217
SCH-0044,2,CS-PK,Parambir Kaur,3rd Semester CS-2,B.Tech CSE,3rd,Monday,5,12:20 PM - 1:10 PM,AGCS–25307,AGCS-25307,Data Structures Lab,G1 + G2,Lab,ME-217
SCH-0049,2,CS-PK,Parambir Kaur,3rd Semester CS-2,B.Tech CSE,3rd,Monday,7,2:00 PM - 2:50 PM,AGCS–25302,AGCS-25302,Object Oriented Programming using C++,,Lecture,ME-217
SCH-0030,2,CS-PK,Parambir Kaur,3rd Semester CS-2,B.Tech CSE,3rd,Tuesday,2,9:50 AM - 10:40 AM,AGCS–25306,AGCS-25306,Object Oriented Programming using C++ Lab,G1 + G2,Lab,ME-217
SCH-0035,2,CS-PK,Parambir Kaur,3rd Semester CS-2,B.Tech CSE,3rd,Tuesday,3,10:40 AM - 11:30 AM,AGCS–25306,AGCS-25306,Object Oriented Programming using C++ Lab,G1 + G2,Lab,ME-217
SCH-0017,1,CS-PK,Parambir Kaur,3rd Semester CS-1,B.Tech CSE,3rd,Tuesday,5,12:20 PM - 1:10 PM,AGCS–25305,AGCS-25305,Emerging Trends in Computer Science,,Lecture,ME-218
SCH-0031,2,CS-PK,Parambir Kaur,3rd Semester CS-2,B.Tech CSE,3rd,Wednesday,2,9:50 AM - 10:40 AM,AGCS–25302,AGCS-25302,Object Oriented Programming using C++,,Lecture,ME-217
SCH-0013,1,CS-PK,Parambir Kaur,3rd Semester CS-1,B.Tech CSE,3rd,Wednesday,4,11:30 AM - 12:20 PM,AGCS–25305,AGCS-25305,Emerging Trends in Computer Science,,Lecture,ME-218
SCH-0023,1,CS-PK,Parambir Kaur,3rd Semester CS-1,B.Tech CSE,3rd,Wednesday,7,2:00 PM - 2:50 PM,AGCS–25309,AGCS-25309,Problem Solving using Python Lab,G1 + G2,Lab,ME-218
SCH-0027,1,CS-PK,Parambir Kaur,3rd Semester CS-1,B.Tech CSE,3rd,Wednesday,8,2:50 PM - 3:40 PM,AGCS–25309,AGCS-25309,Problem Solving using Python Lab,G1 + G2,Lab,ME-218
SCH-0037,2,CS-PK,Parambir Kaur,3rd Semester CS-2,B.Tech CSE,3rd,Thursday,3,10:40 AM - 11:30 AM,AGCS–25302,AGCS-25302,Object Oriented Programming using C++,,Lecture,ME-217
SCH-0005,1,CS-PK,Parambir Kaur,3rd Semester CS-1,B.Tech CSE,3rd,Friday,2,9:50 AM - 10:40 AM,AGCS–25308,AGCS-25308,AI Tools and Applications Lab,G1 + G2,Lab,ME-218
SCH-0010,1,CS-PK,Parambir Kaur,3rd Semester CS-1,B.Tech CSE,3rd,Friday,3,10:40 AM - 11:30 AM,AGCS–25308,AGCS-25308,AI Tools and Applications Lab,G1 + G2,Lab,ME-218
SCH-0043,2,CS-PK,Parambir Kaur,3rd Semester CS-2,B.Tech CSE,3rd,Friday,4,11:30 AM - 12:20 PM,AGCS–25309,AGCS-25309,Problem Solving using Python Lab,G1 + G2,Lab,ME-217
SCH-0048,2,CS-PK,Parambir Kaur,3rd Semester CS-2,B.Tech CSE,3rd,Friday,5,12:20 PM - 1:10 PM,AGCS–25309,AGCS-25309,Problem Solving using Python Lab,G1 + G2,Lab,ME-217
SCH-0025,1,CS-PK,Parambir Kaur,3rd Semester CS-1,B.Tech CSE,3rd,Friday,7,2:00 PM - 2:50 PM,AGCS–25305,AGCS-25305,Emerging Trends in Computer Science,,Lecture,ME-218
SCH-0007,1,IQAC-PK,Pardeep Kaur,3rd Semester CS-1,B.Tech CSE,3rd,Tuesday,3,10:40 AM - 11:30 AM,AGMC-25001,AGMC-25001,Indian Constitution,,Lecture,ME-218
SCH-0059,3,IQAC-PK,Pardeep Kaur,3rd Semester CoE,B.Tech CoE,3rd,Wednesday,2,9:50 AM - 10:40 AM,AGMC-25001,,Indian Constitution,,Lecture,ME-219
SCH-0041,2,IQAC-PK,Pardeep Kaur,3rd Semester CS-2,B.Tech CSE,3rd,Wednesday,4,11:30 AM - 12:20 PM,AGMC-25001,AGMC-25001,Indian Constitution,,Lecture,ME-217
SCH-0268,9,CS-PS,Pavitar Singh,7th Semester CoE,B.Tech CoE,7th,Monday,4,11:30 AM - 12:20 PM,AGCS - 21704,AGCS-21704,Major Project Lab,G2,Lab,DB Lab
SCH-0273,9,CS-PS,Pavitar Singh,7th Semester CoE,B.Tech CoE,7th,Monday,5,12:20 PM - 1:10 PM,AGCS - 21704,AGCS-21704,Major Project Lab,G2,Lab,DB Lab
SCH-0314,11,CS-PS,Pavitar Singh,M.Tech CSE 3rd Semester,M.Tech CSE,M.Tech 3rd,Tuesday,5,12:20 PM - 1:10 PM,MTCS 304-18,MTCS-304-18,Optimization Techniques,,Lecture,
SCH-0271,9,CS-PS,Pavitar Singh,7th Semester CoE,B.Tech CoE,7th,Wednesday,4,11:30 AM - 12:20 PM,AGCS - 21704,AGCS-21704,Major Project Lab,G2,Lab,PL-4 Lab
SCH-0276,9,CS-PS,Pavitar Singh,7th Semester CoE,B.Tech CoE,7th,Wednesday,5,12:20 PM - 1:10 PM,AGCS - 21704,AGCS-21704,Major Project Lab,G2,Lab,PL-4 Lab
SCH-0152,5,CS-PS,Pavitar Singh,5th Semester CS-2,B.Tech CSE,5th,Wednesday,8,2:50 PM - 3:40 PM,AGCS - 21504A,AGCS-21504A,Professional Elective Course-1 (PEC-1) TOC (NPTEL),,Lecture,MB302
SCH-0120,5,CS-PS,Pavitar Singh,5th Semester CS-2,B.Tech CSE,5th,Thursday,1,9:00 AM - 9:50 AM,AGCS - 21504A,AGCS-21504A,Professional Elective Course-1 (PEC-1) TOC (NPTEL),,Lecture,MB302
SCH-0309,11,CS-PS,Pavitar Singh,M.Tech CSE 3rd Semester,M.Tech CSE,M.Tech 3rd,Thursday,3,10:40 AM - 11:30 AM,MTCS 304-18,MTCS-304-18,Optimization Techniques,,Lecture,
SCH-0297,10,CS-PS,Pavitar Singh,M.Tech CSE 1st Semester,M.Tech CSE,M.Tech 1st,Thursday,5,12:20 PM - 1:10 PM,MTA-04,MTA-04,Audit Course,,Audit,
SCH-0308,11,CS-PS,Pavitar Singh,M.Tech CSE 3rd Semester,M.Tech CSE,M.Tech 3rd,Friday,2,9:50 AM - 10:40 AM,MTCS 304-18,MTCS-304-18,Optimization Techniques,,Lecture,
SCH-0294,10,CS-PS,Pavitar Singh,M.Tech CSE 1st Semester,M.Tech CSE,M.Tech 1st,Friday,4,11:30 AM - 12:20 PM,MTA-04,MTA-04,Audit Course,,Audit,MB313
SCH-0154,5,CS-PS,Pavitar Singh,5th Semester CS-2,B.Tech CSE,5th,Friday,8,2:50 PM - 3:40 PM,AGCS - 21504A,AGCS-21504A,Professional Elective Course-1 (PEC-1) TOC (NPTEL),,Lecture,MB302
SCH-0087,4,CS-RPS,Ramanpreet Singh,5th Semester CS-1,B.Tech CSE,5th,Monday,2,9:50 AM - 10:40 AM,AGCS - 21506,AGCS-21506,Design and Analysis of Algorithms Lab,G2,Lab,BDA Lab
SCH-0093,4,CS-RPS,Ramanpreet Singh,5th Semester CS-1,B.Tech CSE,5th,Monday,3,10:40 AM - 11:30 AM,AGCS - 21506,AGCS-21506,Design and Analysis of Algorithms Lab,G2,Lab,BDA Lab
SCH-0072,3,CS-RPS,Ramanpreet Singh,3rd Semester CoE,B.Tech CoE,3rd,Monday,5,12:20 PM - 1:10 PM,AGCS–25305,AGCS–25305,Emerging Trends in Computer Science,,Lecture,ME-219
SCH-0110,4,CS-RPS,Ramanpreet Singh,5th Semester CS-1,B.Tech CSE,5th,Monday,7,2:00 PM - 2:50 PM,AGCS - 21501,AGCS-21501,Design and Analysis of Algorithms,,Lecture,MB301
SCH-0133,5,CS-RPS,Ramanpreet Singh,5th Semester CS-2,B.Tech CSE,5th,Tuesday,4,11:30 AM - 12:20 PM,AGCS - 21507,AGCS,Software Engineering Lab,G1,Lab,PL-2 Lab
SCH-0139,5,CS-RPS,Ramanpreet Singh,5th Semester CS-2,B.Tech CSE,5th,Tuesday,5,12:20 PM - 1:10 PM,AGCS - 21507,AGCS,Software Engineering Lab,G1,Lab,PL-2 Lab
SCH-0112,4,CS-RPS,Ramanpreet Singh,5th Semester CS-1,B.Tech CSE,5th,Tuesday,7,2:00 PM - 2:50 PM,AGCS - 21501,AGCS-21501,Design and Analysis of Algorithms,G2,Tutorial,e-Classroom
SCH-0281,9,CS-RPS,Ramanpreet Singh,7th Semester CoE,B.Tech CoE,7th,Tuesday,8,2:50 PM - 3:40 PM,AGCS – 21702Y | F/G/H,AGCoE-21702Y,Professional Elective Course-4 (PEC-4) | IOT/SNA/RL,,Lecture,MB304
SCH-0064,3,CS-RPS,Ramanpreet Singh,3rd Semester CoE,B.Tech CoE,3rd,Wednesday,3,10:40 AM - 11:30 AM,AGCS–25305,AGCS–25305,Emerging Trends in Computer Science,,Lecture,ME-219
SCH-0113,4,CS-RPS,Ramanpreet Singh,5th Semester CS-1,B.Tech CSE,5th,Wednesday,7,2:00 PM - 2:50 PM,AGCS - 21501,AGCS-21501,Design and Analysis of Algorithms,,Lecture,MB301
SCH-0117,4,CS-RPS,Ramanpreet Singh,5th Semester CS-1,B.Tech CSE,5th,Wednesday,8,2:50 PM - 3:40 PM,AGCS - 21501,AGCS-21501,Design and Analysis of Algorithms,G1,Tutorial,MB-313
SCH-0282,9,CS-RPS,Ramanpreet Singh,7th Semester CoE,B.Tech CoE,7th,Wednesday,8,2:50 PM - 3:40 PM,AGCS – 21702Y | F/G/H,AGCoE-21702Y,Professional Elective Course-4 (PEC-4) | IOT/SNA/RL,,Lecture,MB304
SCH-0097,4,CS-RPS,Ramanpreet Singh,5th Semester CS-1,B.Tech CSE,5th,Thursday,3,10:40 AM - 11:30 AM,AGCS - 21501,AGCS-21501,Design and Analysis of Algorithms,,Lecture,MB301
SCH-0266,9,CS-RPS,Ramanpreet Singh,7th Semester CoE,B.Tech CoE,7th,Thursday,3,10:40 AM - 11:30 AM,AGCS – 21702Y | F/G/H,AGCoE-21702Y,Professional Elective Course-4 (PEC-4) | IOT/SNA/RL,,Lecture,MB304
SCH-0102,4,CS-RPS,Ramanpreet Singh,5th Semester CS-1,B.Tech CSE,5th,Thursday,4,11:30 AM - 12:20 PM,AGCS - 21506,AGCS-21506,Design and Analysis of Algorithms Lab,G1,Lab,BDA Lab
SCH-0108,4,CS-RPS,Ramanpreet Singh,5th Semester CS-1,B.Tech CSE,5th,Thursday,5,12:20 PM - 1:10 PM,AGCS - 21506,AGCS-21506,Design and Analysis of Algorithms Lab,G1,Lab,BDA Lab
SCH-0061,3,CS-RPS,Ramanpreet Singh,3rd Semester CoE,B.Tech CoE,3rd,Friday,2,9:50 AM - 10:40 AM,AGCS–25305,AGCS–25305,Emerging Trends in Computer Science,,Lecture,ME-219
SCH-0138,5,CS-RPS,Ramanpreet Singh,5th Semester CS-2,B.Tech CSE,5th,Friday,4,11:30 AM - 12:20 PM,AGCS - 21507,AGCS,Software Engineering Lab,G2,Lab,PL-2 Lab
SCH-0144,5,CS-RPS,Ramanpreet Singh,5th Semester CS-2,B.Tech CSE,5th,Friday,5,12:20 PM - 1:10 PM,AGCS - 21507,AGCS,Software Engineering Lab,G2,Lab,PL-2 Lab
SCH-0199,7,CS-HOD,Sandeep Kad,5th Semester CoE,B.Tech CoE,5th,Tuesday,2,9:50 AM - 10:40 AM,AGCS - 21503,AGCS,Programming in Java,,Lecture,e-Classroom
SCH-0200,7,CS-HOD,Sandeep Kad,5th Semester CoE,B.Tech CoE,5th,Wednesday,2,9:50 AM - 10:40 AM,AGCS - 21503,AGCS,Programming in Java,,Lecture,e-Classroom
SCH-0201,7,CS-HOD,Sandeep Kad,5th Semester CoE,B.Tech CoE,5th,Thursday,2,9:50 AM - 10:40 AM,AGCS - 21503,AGCS,Programming in Java,,Lecture,e-Classroom
SCH-0086,4,CS-SJK,Sanjeev Kumar,5th Semester CS-1,B.Tech CSE,5th,Monday,2,9:50 AM - 10:40 AM,AGCS - 21507,AGCS-21507,Software Engineering Lab,G1,Lab,PL-2 Lab
SCH-0092,4,CS-SJK,Sanjeev Kumar,5th Semester CS-1,B.Tech CSE,5th,Monday,3,10:40 AM - 11:30 AM,AGCS - 21507,AGCS-21507,Software Engineering Lab,G1,Lab,PL-2 Lab
SCH-0098,4,CS-SJK,Sanjeev Kumar,5th Semester CS-1,B.Tech CSE,5th,Monday,4,11:30 AM - 12:20 PM,AGCS - 21502,AGCS-21502,Software Engineering (NPTEL),,Lecture,MB301
SCH-0295,10,CS-SJK,Sanjeev Kumar,M.Tech CSE 1st Semester,M.Tech CSE,M.Tech 1st,Monday,5,12:20 PM - 1:10 PM,MTCS 105-18,MTCS-105,Machine Learning (ML),,Lecture,MB313
SCH-0217,7,CS-SJK,Sanjeev Kumar,5th Semester CoE,B.Tech CoE,5th,Monday,7,2:00 PM - 2:50 PM,AGCS - 21502,AGCS-21502,Software Engineering (NPTEL),,Lecture,e-Classroom
SCH-0089,4,CS-SJK,Sanjeev Kumar,5th Semester CS-1,B.Tech CSE,5th,Tuesday,2,9:50 AM - 10:40 AM,AGCS - 21507,AGCS-21507,Software Engineering Lab,G2,Lab,PL-2 Lab
SCH-0095,4,CS-SJK,Sanjeev Kumar,5th Semester CS-1,B.Tech CSE,5th,Tuesday,3,10:40 AM - 11:30 AM,AGCS - 21507,AGCS-21507,Software Engineering Lab,G2,Lab,PL-2 Lab
SCH-0296,10,CS-SJK,Sanjeev Kumar,M.Tech CSE 1st Semester,M.Tech CSE,M.Tech 1st,Tuesday,5,12:20 PM - 1:10 PM,MTCS 105-18,MTCS-105,Machine Learning (ML),,Lecture,MB313
SCH-0218,7,CS-SJK,Sanjeev Kumar,5th Semester CoE,B.Tech CoE,5th,Tuesday,7,2:00 PM - 2:50 PM,AGCS - 21507,AGCS,Software Engineering Lab,G1,Lab,PL-2 Lab
SCH-0116,4,CS-SJK,Sanjeev Kumar,5th Semester CS-1,B.Tech CSE,5th,Tuesday,8,2:50 PM - 3:40 PM,AGCS - 21502,AGCS-21502,Software Engineering (NPTEL),,Lecture,MB301
SCH-0225,7,CS-SJK,Sanjeev Kumar,5th Semester CoE,B.Tech CoE,5th,Tuesday,8,2:50 PM - 3:40 PM,AGCS - 21507,AGCS,Software Engineering Lab,G1,Lab,PL-2 Lab
SCH-0123,5,CS-SJK,Sanjeev Kumar,5th Semester CS-2,B.Tech CSE,5th,Wednesday,2,9:50 AM - 10:40 AM,AGCS - 21509,AGCS,Artificial Intelligence Lab,G2,Lab,MB302
SCH-0129,5,CS-SJK,Sanjeev Kumar,5th Semester CS-2,B.Tech CSE,5th,Wednesday,3,10:40 AM - 11:30 AM,AGCS - 21509,AGCS,Artificial Intelligence Lab,G2,Lab,MB302
SCH-0141,5,CS-SJK,Sanjeev Kumar,5th Semester CS-2,B.Tech CSE,5th,Wednesday,5,12:20 PM - 1:10 PM,AGCS - 21505,AGCS,Artificial Intelligence,,Lecture,MB302
SCH-0301,10,CS-SJK,Sanjeev Kumar,M.Tech CSE 1st Semester,M.Tech CSE,M.Tech 1st,Wednesday,7,2:00 PM - 2:50 PM,MTCS 104-18,MTCS,Machine Learning,,Lab,
SCH-0305,10,CS-SJK,Sanjeev Kumar,M.Tech CSE 1st Semester,M.Tech CSE,M.Tech 1st,Wednesday,8,2:50 PM - 3:40 PM,MTCS 104-18,MTCS,Machine Learning,,Lab,
SCH-0288,10,CS-SJK,Sanjeev Kumar,M.Tech CSE 1st Semester,M.Tech CSE,M.Tech 1st,Thursday,2,9:50 AM - 10:40 AM,MTCS 105-18,MTCS-105,Machine Learning (ML),,Lecture,MB302
SCH-0136,5,CS-SJK,Sanjeev Kumar,5th Semester CS-2,B.Tech CSE,5th,Thursday,4,11:30 AM - 12:20 PM,AGCS - 21505,AGCS,Artificial Intelligence,,Lecture,MB302
SCH-0223,7,CS-SJK,Sanjeev Kumar,5th Semester CoE,B.Tech CoE,5th,Thursday,7,2:00 PM - 2:50 PM,AGCS - 21507,AGCS,Software Engineering Lab,G2,Lab,PL-2 Lab
SCH-0119,4,CS-SJK,Sanjeev Kumar,5th Semester CS-1,B.Tech CSE,5th,Thursday,8,2:50 PM - 3:40 PM,AGCS - 21502,AGCS-21502,Software Engineering (NPTEL),,Lecture,MB301
SCH-0230,7,CS-SJK,Sanjeev Kumar,5th Semester CoE,B.Tech CoE,5th,Thursday,8,2:50 PM - 3:40 PM,AGCS - 21507,AGCS,Software Engineering Lab,G2,Lab,PL-2 Lab
SCH-0196,7,CS-SJK,Sanjeev Kumar,5th Semester CoE,B.Tech CoE,5th,Friday,1,9:00 AM - 9:50 AM,AGCS - 21502,AGCS-21502,Software Engineering (NPTEL),,Lecture,e-Classroom
SCH-0126,5,CS-SJK,Sanjeev Kumar,5th Semester CS-2,B.Tech CSE,5th,Friday,2,9:50 AM - 10:40 AM,AGCS - 21505,AGCS,Artificial Intelligence,,Lecture,MB302
SCH-0208,7,CS-SJK,Sanjeev Kumar,5th Semester CoE,B.Tech CoE,5th,Friday,3,10:40 AM - 11:30 AM,AGCS - 21502,AGCS-21502,Software Engineering (NPTEL),,Lecture,e-Classroom
SCH-0137,5,CS-SJK,Sanjeev Kumar,5th Semester CS-2,B.Tech CSE,5th,Friday,4,11:30 AM - 12:20 PM,AGCS - 21509,AGCS,Artificial Intelligence Lab,G1,Lab,MB302
SCH-0143,5,CS-SJK,Sanjeev Kumar,5th Semester CS-2,B.Tech CSE,5th,Friday,5,12:20 PM - 1:10 PM,AGCS - 21509,AGCS,Artificial Intelligence Lab,G1,Lab,MB302
SCH-0303,10,CS-SJK,Sanjeev Kumar,M.Tech CSE 1st Semester,M.Tech CSE,M.Tech 1st,Friday,7,2:00 PM - 2:50 PM,MTCS 104-18,MTCS,Machine Learning,,Lab,
SCH-0306,10,CS-SJK,Sanjeev Kumar,M.Tech CSE 1st Semester,M.Tech CSE,M.Tech 1st,Friday,8,2:50 PM - 3:40 PM,MTCS 104-18,MTCS,Machine Learning,,Lab,
SCH-0156,6,CS-SA,Shagun Arora,5th Semester CS-3,B.Tech CSE,5th,Monday,2,9:50 AM - 10:40 AM,AGCS - 21501,AGCS,Design and Analysis of Algorithms,G1,Tutorial,MB-303
SCH-0167,6,CS-SA,Shagun Arora,5th Semester CS-3,B.Tech CSE,5th,Monday,4,11:30 AM - 12:20 PM,AGCS - 21506,AGCS,Design and Analysis of Algorithms Lab,G1,Lab,BDA Lab
SCH-0174,6,CS-SA,Shagun Arora,5th Semester CS-3,B.Tech CSE,5th,Monday,5,12:20 PM - 1:10 PM,AGCS - 21506,AGCS,Design and Analysis of Algorithms Lab,G1,Lab,BDA Lab
SCH-0181,6,CS-SA,Shagun Arora,5th Semester CS-3,B.Tech CSE,5th,Monday,7,2:00 PM - 2:50 PM,AGCS - 21501,AGCS,Design and Analysis of Algorithms,,Lecture,MB-303
SCH-0058,3,CS-SA,Shagun Arora,3rd Semester CoE,B.Tech CoE,3rd,Tuesday,2,9:50 AM - 10:40 AM,AGCS–25306,AGCS–25306,Object Oriented Programming using C++ Lab,,Lecture,ME-219
SCH-0182,6,CS-SA,Shagun Arora,5th Semester CS-3,B.Tech CSE,5th,Tuesday,7,2:00 PM - 2:50 PM,AGCS - 21501,AGCS,Design and Analysis of Algorithms,,Lecture,MB-303
SCH-0054,2,CS-SA,Shagun Arora,3rd Semester CS-2,B.Tech CSE,3rd,Tuesday,8,2:50 PM - 3:40 PM,AGCS–25304,AGCS-25304,Computer Organization and Architecture (NPTEL),,Lecture,ME-217
SCH-0171,6,CS-SA,Shagun Arora,5th Semester CS-3,B.Tech CSE,5th,Wednesday,4,11:30 AM - 12:20 PM,AGCS - 21506,AGCS,Design and Analysis of Algorithms Lab,G2,Lab,BDA Lab
SCH-0178,6,CS-SA,Shagun Arora,5th Semester CS-3,B.Tech CSE,5th,Wednesday,5,12:20 PM - 1:10 PM,AGCS - 21506,AGCS,Design and Analysis of Algorithms Lab,G2,Lab,BDA Lab
SCH-0051,2,CS-SA,Shagun Arora,3rd Semester CS-2,B.Tech CSE,3rd,Wednesday,7,2:00 PM - 2:50 PM,AGCS–25304,AGCS-25304,Computer Organization and Architecture (NPTEL),,Lecture,ME-217
SCH-0184,6,CS-SA,Shagun Arora,5th Semester CS-3,B.Tech CSE,5th,Wednesday,7,2:00 PM - 2:50 PM,AGCS - 21501,AGCS,Design and Analysis of Algorithms,G2,Tutorial,MB-303
SCH-0161,6,CS-SA,Shagun Arora,5th Semester CS-3,B.Tech CSE,5th,Thursday,2,9:50 AM - 10:40 AM,AGCS - 21501,AGCS,Design and Analysis of Algorithms,,Lecture,MB-303
SCH-0065,3,CS-SA,Shagun Arora,3rd Semester CoE,B.Tech CoE,3rd,Thursday,3,10:40 AM - 11:30 AM,AGCS–25306,AGCS–25306,Object Oriented Programming using C++ Lab,,Lecture,ME-219
SCH-0080,3,CS-SA,Shagun Arora,3rd Semester CoE,B.Tech CoE,3rd,Thursday,7,2:00 PM - 2:50 PM,AGCS–25309,AGCS–25309,Problem Solving using Python Lab,G1 + G2,Lab,ME-219
SCH-0055,2,CS-SA,Shagun Arora,3rd Semester CS-2,B.Tech CSE,3rd,Thursday,8,2:50 PM - 3:40 PM,AGCS–25304,AGCS-25304,Computer Organization and Architecture (NPTEL),,Lecture,ME-217
SCH-0084,3,CS-SA,Shagun Arora,3rd Semester CoE,B.Tech CoE,3rd,Thursday,8,2:50 PM - 3:40 PM,AGCS–25309,AGCS–25309,Problem Solving using Python Lab,G1 + G2,Lab,ME-219
SCH-0071,3,CS-SA,Shagun Arora,3rd Semester CoE,B.Tech CoE,3rd,Friday,4,11:30 AM - 12:20 PM,AGCS–25306,AGCS–25306,Object Oriented Programming using C++ Lab,,Lecture,ME-219
SCH-0157,6,AS-SK,Shama Kundra,5th Semester CS-3,B.Tech CSE,5th,Monday,2,9:50 AM - 10:40 AM,AGAP - 21502,AGAP,Engineering Aptitude - II,G2,Tutorial,MB-313
SCH-0021,1,AS-SK,Shama Kundra,3rd Semester CS-1,B.Tech CSE,3rd,Monday,7,2:00 PM - 2:50 PM,AGCS–25301,AGCS-25301,Probability and Statistics,G1 + G2,Tutorial,ME-218
SCH-0002,1,AS-SK,Shama Kundra,3rd Semester CS-1,B.Tech CSE,3rd,Tuesday,2,9:50 AM - 10:40 AM,AGCS–25301,AGCS-25301,Probability and Statistics,,Lecture,ME-218
SCH-0111,4,AS-SK,Shama Kundra,5th Semester CS-1,B.Tech CSE,5th,Tuesday,7,2:00 PM - 2:50 PM,AGAP - 21502,AGAP-21502,Engineering Aptitude - II,G1,Tutorial,MB-301
SCH-0036,2,AS-SK,Shama Kundra,3rd Semester CS-2,B.Tech CSE,3rd,Wednesday,3,10:40 AM - 11:30 AM,AGCS–25301,AGCS-25301,Probability and Statistics,,Lecture,ME-217
SCH-0018,1,AS-SK,Shama Kundra,3rd Semester CS-1,B.Tech CSE,3rd,Wednesday,5,12:20 PM - 1:10 PM,AGCS–25301,AGCS-25301,Probability and Statistics,,Lecture,ME-218
SCH-0183,6,AS-SK,Shama Kundra,5th Semester CS-3,B.Tech CSE,5th,Wednesday,7,2:00 PM - 2:50 PM,AGAP - 21502,AGAP,Engineering Aptitude - II,G1,Tutorial,MB-313
SCH-0118,4,AS-SK,Shama Kundra,5th Semester CS-1,B.Tech CSE,5th,Wednesday,8,2:50 PM - 3:40 PM,AGAP - 21502,AGAP-21502,Engineering Aptitude - II,G2,Tutorial,MB-301
SCH-0032,2,AS-SK,Shama Kundra,3rd Semester CS-2,B.Tech CSE,3rd,Thursday,2,9:50 AM - 10:40 AM,AGCS–25301,AGCS-25301,Probability and Statistics,,Lecture,ME-217
SCH-0014,1,AS-SK,Shama Kundra,3rd Semester CS-1,B.Tech CSE,3rd,Thursday,4,11:30 AM - 12:20 PM,AGCS–25301,AGCS-25301,Probability and Statistics,,Lecture,ME-218
SCH-0038,2,AS-SK,Shama Kundra,3rd Semester CS-2,B.Tech CSE,3rd,Friday,3,10:40 AM - 11:30 AM,AGCS–25301,AGCS-25301,Probability and Statistics,,Lecture,ME-217
SCH-0053,2,AS-SK,Shama Kundra,3rd Semester CS-2,B.Tech CSE,3rd,Friday,7,2:00 PM - 2:50 PM,AGCS–25301,AGCS-25301,Probability and Statistics,G1 + G2,Tutorial,ME-217
SCH-0204,7,CS-SJ,Shweta Joshi,5th Semester CoE,B.Tech CoE,5th,Monday,3,10:40 AM - 11:30 AM,AGCS - 21501,AGCS,Design and Analysis of Algorithms,G2,Tutorial,e-Classroom
SCH-0213,7,CS-SJ,Shweta Joshi,5th Semester CoE,B.Tech CoE,5th,Monday,5,12:20 PM - 1:10 PM,AGCoE - 21504A,AGCoE-21504A,Professional Elective Course-1 (PEC-1) TOC (NPTEL),,Lecture,e-Classroom
SCH-0077,3,CS-SJ,Shweta Joshi,3rd Semester CoE,B.Tech CoE,3rd,Monday,7,2:00 PM - 2:50 PM,AGCS–25308,AGCS–25308,AI Tools and Applications Lab,G1 + G2,Lab,ME-219
SCH-0081,3,CS-SJ,Shweta Joshi,3rd Semester CoE,B.Tech CoE,3rd,Monday,8,2:50 PM - 3:40 PM,AGCS–25308,AGCS–25308,AI Tools and Applications Lab,G1 + G2,Lab,ME-219
SCH-0224,7,CS-SJ,Shweta Joshi,5th Semester CoE,B.Tech CoE,5th,Monday,8,2:50 PM - 3:40 PM,AGCoE - 21504A,AGCoE-21504A,Professional Elective Course-1 (PEC-1) TOC (NPTEL),,Lecture,e-Classroom
SCH-0205,7,CS-SJ,Shweta Joshi,5th Semester CoE,B.Tech CoE,5th,Tuesday,3,10:40 AM - 11:30 AM,AGCS - 21501,AGCS,Design and Analysis of Algorithms,,Lecture,e-Classroom
SCH-0219,7,CS-SJ,Shweta Joshi,5th Semester CoE,B.Tech CoE,5th,Tuesday,7,2:00 PM - 2:50 PM,AGCS - 21506,AGCS,Design and Analysis of Algorithms Lab,G2,Lab,BDA Lab
SCH-0226,7,CS-SJ,Shweta Joshi,5th Semester CoE,B.Tech CoE,5th,Tuesday,8,2:50 PM - 3:40 PM,AGCS - 21506,AGCS,Design and Analysis of Algorithms Lab,G2,Lab,BDA Lab
SCH-0193,7,CS-SJ,Shweta Joshi,5th Semester CoE,B.Tech CoE,5th,Wednesday,1,9:00 AM - 9:50 AM,AGCS - 21501,AGCS,Design and Analysis of Algorithms,G1,Tutorial,e-Classroom
SCH-0206,7,CS-SJ,Shweta Joshi,5th Semester CoE,B.Tech CoE,5th,Wednesday,3,10:40 AM - 11:30 AM,AGCS - 21501,AGCS,Design and Analysis of Algorithms,,Lecture,e-Classroom
SCH-0170,6,CS-SJ,Shweta Joshi,5th Semester CS-3,B.Tech CSE,5th,Wednesday,4,11:30 AM - 12:20 PM,AGCS - 21507,AGCS,Software Engineering Lab,G1,Lab,PL-2 Lab
SCH-0177,6,CS-SJ,Shweta Joshi,5th Semester CS-3,B.Tech CSE,5th,Wednesday,5,12:20 PM - 1:10 PM,AGCS - 21507,AGCS,Software Engineering Lab,G1,Lab,PL-2 Lab
SCH-0220,7,CS-SJ,Shweta Joshi,5th Semester CoE,B.Tech CoE,5th,Wednesday,7,2:00 PM - 2:50 PM,AGCS - 21506,AGCS,Design and Analysis of Algorithms Lab,G1,Lab,BDA Lab
SCH-0227,7,CS-SJ,Shweta Joshi,5th Semester CoE,B.Tech CoE,5th,Wednesday,8,2:50 PM - 3:40 PM,AGCS - 21506,AGCS,Design and Analysis of Algorithms Lab,G1,Lab,BDA Lab
SCH-0207,7,CS-SJ,Shweta Joshi,5th Semester CoE,B.Tech CoE,5th,Thursday,3,10:40 AM - 11:30 AM,AGCS - 21501,AGCS,Design and Analysis of Algorithms,,Lecture,e-Classroom
SCH-0173,6,CS-SJ,Shweta Joshi,5th Semester CS-3,B.Tech CSE,5th,Thursday,4,11:30 AM - 12:20 PM,AGCS - 21507,AGCS,Software Engineering Lab,G2,Lab,PL-2 Lab
SCH-0180,6,CS-SJ,Shweta Joshi,5th Semester CS-3,B.Tech CSE,5th,Thursday,5,12:20 PM - 1:10 PM,AGCS - 21507,AGCS,Software Engineering Lab,G2,Lab,PL-2 Lab
SCH-0202,7,CS-SJ,Shweta Joshi,5th Semester CoE,B.Tech CoE,5th,Friday,2,9:50 AM - 10:40 AM,AGCoE - 21504A,AGCoE-21504A,Professional Elective Course-1 (PEC-1) TOC (NPTEL),,Lecture,e-Classroom
SCH-0311,11,CS-TJS,Tejinder Sharma,M.Tech CSE 3rd Semester,M.Tech CSE,M.Tech 3rd,Monday,4,11:30 AM - 12:20 PM,MTCS 301-18,MTCS-301-18,Dissertation-I,,Lab,PL-3 Lab
SCH-0313,11,CS-TJS,Tejinder Sharma,M.Tech CSE 3rd Semester,M.Tech CSE,M.Tech 3rd,Monday,5,12:20 PM - 1:10 PM,MTCS 301-18,MTCS-301-18,Dissertation-I,,Lab,PL-3 Lab
SCH-0299,10,CS-TJS,Tejinder Sharma,M.Tech CSE 1st Semester,M.Tech CSE,M.Tech 1st,Monday,7,2:00 PM - 2:50 PM,MTCS 103-18,MTCS-103,Advanced Data Structures Lab,,Lab,
SCH-0304,10,CS-TJS,Tejinder Sharma,M.Tech CSE 1st Semester,M.Tech CSE,M.Tech 1st,Monday,8,2:50 PM - 3:40 PM,MTCS 103-18,MTCS-103,Advanced Data Structures Lab,,Lab,
SCH-0121,5,CS-TJS,Tejinder Sharma,5th Semester CS-2,B.Tech CSE,5th,Tuesday,2,9:50 AM - 10:40 AM,AGCS - 21501,AGCS,Design and Analysis of Algorithms,,Lecture,MB302
SCH-0237,8,CS-TJS,Tejinder Sharma,7th Semester CS-3,B.Tech CSE,7th,Tuesday,3,10:40 AM - 11:30 AM,AGCS – 21702Y | F/G/H,AGCS-21702Y,Professional Elective Course-4 (PEC-4) | IOT/SNA/RL,,Lecture,MB-302
SCH-0134,5,CS-TJS,Tejinder Sharma,5th Semester CS-2,B.Tech CSE,5th,Tuesday,4,11:30 AM - 12:20 PM,AGCS - 21506,AGCS,Design and Analysis of Algorithms Lab,G2,Lab,BDA Lab
SCH-0140,5,CS-TJS,Tejinder Sharma,5th Semester CS-2,B.Tech CSE,5th,Tuesday,5,12:20 PM - 1:10 PM,AGCS - 21506,AGCS,Design and Analysis of Algorithms Lab,G2,Lab,BDA Lab
SCH-0146,5,CS-TJS,Tejinder Sharma,5th Semester CS-2,B.Tech CSE,5th,Tuesday,7,2:00 PM - 2:50 PM,AGCS - 21501,AGCS,Design and Analysis of Algorithms,G2,Lab,PL-1 Lab
SCH-0285,10,CS-TJS,Tejinder Sharma,M.Tech CSE 1st Semester,M.Tech CSE,M.Tech 1st,Wednesday,1,9:00 AM - 9:50 AM,MTOE 102-18,MTCS-102,Advanced Data Structures (ADS),,Lecture,MB301
SCH-0287,10,CS-TJS,Tejinder Sharma,M.Tech CSE 1st Semester,M.Tech CSE,M.Tech 1st,Wednesday,2,9:50 AM - 10:40 AM,MTCS 103-18,MTCS-103,Advanced Data Structures Lab,,Lab,
SCH-0290,10,CS-TJS,Tejinder Sharma,M.Tech CSE 1st Semester,M.Tech CSE,M.Tech 1st,Wednesday,3,10:40 AM - 11:30 AM,MTCS 103-18,MTCS-103,Advanced Data Structures Lab,,Lab,
SCH-0249,8,CS-TJS,Tejinder Sharma,7th Semester CS-3,B.Tech CSE,7th,Wednesday,7,2:00 PM - 2:50 PM,AGCS - 21704,AGCS-21704,Major Project Lab,G1,Lab,DB Lab
SCH-0253,8,CS-TJS,Tejinder Sharma,7th Semester CS-3,B.Tech CSE,7th,Wednesday,8,2:50 PM - 3:40 PM,AGCS - 21704,AGCS-21704,Major Project Lab,G1,Lab,DB Lab
SCH-0124,5,CS-TJS,Tejinder Sharma,5th Semester CS-2,B.Tech CSE,5th,Thursday,2,9:50 AM - 10:40 AM,AGCS - 21506,AGCS,Design and Analysis of Algorithms Lab,G1,Lab,BDA Lab
SCH-0130,5,CS-TJS,Tejinder Sharma,5th Semester CS-2,B.Tech CSE,5th,Thursday,3,10:40 AM - 11:30 AM,AGCS - 21506,AGCS,Design and Analysis of Algorithms Lab,G1,Lab,BDA Lab
SCH-0142,5,CS-TJS,Tejinder Sharma,5th Semester CS-2,B.Tech CSE,5th,Thursday,5,12:20 PM - 1:10 PM,AGCS - 21501,AGCS,Design and Analysis of Algorithms,,Lecture,MB302
SCH-0148,5,CS-TJS,Tejinder Sharma,5th Semester CS-2,B.Tech CSE,5th,Thursday,7,2:00 PM - 2:50 PM,AGCS - 21501,AGCS,Design and Analysis of Algorithms,G1,Tutorial,MB-302
SCH-0255,8,CS-TJS,Tejinder Sharma,7th Semester CS-3,B.Tech CSE,7th,Thursday,8,2:50 PM - 3:40 PM,AGCS – 21702Y | F/G/H,AGCS-21702Y,Professional Elective Course-4 (PEC-4) | IOT/SNA/RL,,Lecture,MB-304
SCH-0235,8,CS-TJS,Tejinder Sharma,7th Semester CS-3,B.Tech CSE,7th,Friday,2,9:50 AM - 10:40 AM,AGCS - 21704,AGCS-21704,Major Project Lab,G1,Lab,DB Lab
SCH-0241,8,CS-TJS,Tejinder Sharma,7th Semester CS-3,B.Tech CSE,7th,Friday,3,10:40 AM - 11:30 AM,AGCS - 21704,AGCS-21704,Major Project Lab,G1,Lab,DB Lab
SCH-0150,5,CS-TJS,Tejinder Sharma,5th Semester CS-2,B.Tech CSE,5th,Friday,7,2:00 PM - 2:50 PM,AGCS - 21501,AGCS,Design and Analysis of Algorithms,,Lecture,e-Classroom
SCH-0256,8,CS-TJS,Tejinder Sharma,7th Semester CS-3,B.Tech CSE,7th,Friday,8,2:50 PM - 3:40 PM,AGCS – 21702Y | F/G/H,AGCS-21702Y,Professional Elective Course-4 (PEC-4) | IOT/SNA/RL,,Lecture,MB-304
SCH-0029,2,CS-VD,Veenum Devi,3rd Semester CS-2,B.Tech CSE,3rd,Monday,2,9:50 AM - 10:40 AM,AGCS–25303,AGCS-25303,Data Structures,,Lecture,ME-217
SCH-0039,2,CS-VD,Veenum Devi,3rd Semester CS-2,B.Tech CSE,3rd,Monday,4,11:30 AM - 12:20 PM,AGCS–25307,AGCS-25307,Data Structures Lab,G1 + G2,Lab,ME-217
SCH-0044,2,CS-VD,Veenum Devi,3rd Semester CS-2,B.Tech CSE,3rd,Monday,5,12:20 PM - 1:10 PM,AGCS–25307,AGCS-25307,Data Structures Lab,G1 + G2,Lab,ME-217
SCH-0030,2,CS-VD,Veenum Devi,3rd Semester CS-2,B.Tech CSE,3rd,Tuesday,2,9:50 AM - 10:40 AM,AGCS–25306,AGCS-25306,Object Oriented Programming using C++ Lab,G1 + G2,Lab,ME-217
SCH-0035,2,CS-VD,Veenum Devi,3rd Semester CS-2,B.Tech CSE,3rd,Tuesday,3,10:40 AM - 11:30 AM,AGCS–25306,AGCS-25306,Object Oriented Programming using C++ Lab,G1 + G2,Lab,ME-217
SCH-0099,4,CS-VD,Veenum Devi,5th Semester CS-1,B.Tech CSE,5th,Tuesday,4,11:30 AM - 12:20 PM,AGCS - 21505,AGCS-21505,Artificial Intelligence,,Lecture,MB301
SCH-0050,2,CS-VD,Veenum Devi,3rd Semester CS-2,B.Tech CSE,3rd,Tuesday,7,2:00 PM - 2:50 PM,AGCS–25303,AGCS-25303,Data Structures,,Lecture,ME-217
SCH-0151,5,CS-VD,Veenum Devi,5th Semester CS-2,B.Tech CSE,5th,Tuesday,8,2:50 PM - 3:40 PM,AGCS - 21502,AGCS-21502,Software Engineering (NPTEL),,Lecture,MB302
SCH-0090,4,CS-VD,Veenum Devi,5th Semester CS-1,B.Tech CSE,5th,Wednesday,2,9:50 AM - 10:40 AM,AGCS - 21505,AGCS-21505,Artificial Intelligence,,Lecture,MB301
SCH-0100,4,CS-VD,Veenum Devi,5th Semester CS-1,B.Tech CSE,5th,Wednesday,4,11:30 AM - 12:20 PM,AGCS - 21509,AGCS-21509,Artificial Intelligence Lab,G1,Lab,MB301
SCH-0106,4,CS-VD,Veenum Devi,5th Semester CS-1,B.Tech CSE,5th,Wednesday,5,12:20 PM - 1:10 PM,AGCS - 21509,AGCS-21509,Artificial Intelligence Lab,G1,Lab,MB301
SCH-0147,5,CS-VD,Veenum Devi,5th Semester CS-2,B.Tech CSE,5th,Wednesday,7,2:00 PM - 2:50 PM,AGCS - 21502,AGCS-21502,Software Engineering (NPTEL),,Lecture,MB302
SCH-0091,4,CS-VD,Veenum Devi,5th Semester CS-1,B.Tech CSE,5th,Thursday,2,9:50 AM - 10:40 AM,AGCS - 21505,AGCS-21505,Artificial Intelligence,,Lecture,MB301
SCH-0103,4,CS-VD,Veenum Devi,5th Semester CS-1,B.Tech CSE,5th,Thursday,4,11:30 AM - 12:20 PM,AGCS - 21509,AGCS-21509,Artificial Intelligence Lab,G2,Lab,MB301
SCH-0109,4,CS-VD,Veenum Devi,5th Semester CS-1,B.Tech CSE,5th,Thursday,5,12:20 PM - 1:10 PM,AGCS - 21509,AGCS-21509,Artificial Intelligence Lab,G2,Lab,MB301
SCH-0052,2,CS-VD,Veenum Devi,3rd Semester CS-2,B.Tech CSE,3rd,Thursday,7,2:00 PM - 2:50 PM,AGCS–25303,AGCS-25303,Data Structures,G1 + G2,Tutorial,ME-217
SCH-0153,5,CS-VD,Veenum Devi,5th Semester CS-2,B.Tech CSE,5th,Thursday,8,2:50 PM - 3:40 PM,AGCS - 21502,AGCS-21502,Software Engineering (NPTEL),,Lecture,MB302
SCH-0033,2,CS-VD,Veenum Devi,3rd Semester CS-2,B.Tech CSE,3rd,Friday,2,9:50 AM - 10:40 AM,AGCS–25303,AGCS-25303,Data Structures,,Lecture,ME-217
